date,panchayat_id,panchayat_name,block_rainfall,panchayat_rainfall_mm,baseline_prediction,baseline_error
2024-09-01,P01,Baburdi,5.62,26.8,5.62,-21.18
2024-09-02,P01,Baburdi,7.57,42.0,7.57,-34.43
2024-09-03,P01,Baburdi,5.61,11.5,5.61,-5.89
2024-09-04,P01,Baburdi,11.61,1.7,11.61,9.91
2024-09-05,P01,Baburdi,10.56,8.5,10.56,2.0600000000000005
2024-09-06,P01,Baburdi,4.49,0.5,4.49,3.99
2024-09-07,P01,Baburdi,3.12,0.9,3.12,2.22
2024-09-08,P01,Baburdi,2.27,2.7,2.27,-0.43000000000000016
2024-09-09,P01,Baburdi,2.77,6.6,2.77,-3.8299999999999996
2024-09-10,P01,Baburdi,3.33,1.5,3.33,1.83
2024-09-11,P01,Baburdi,4.98,1.0,4.98,3.9800000000000004
2024-09-12,P01,Baburdi,2.23,0.5,2.23,1.73
2024-09-13,P01,Baburdi,0.64,0.2,0.64,0.44
2024-09-14,P01,Baburdi,2.23,0.4,2.23,1.83
2024-09-15,P01,Baburdi,2.66,5.3,2.66,-2.6399999999999997
2024-09-16,P01,Baburdi,0.47,0.3,0.47,0.16999999999999998
2024-09-17,P01,Baburdi,0.45,0.0,0.45,0.45
2024-09-18,P01,Baburdi,0.13,0.0,0.13,0.13
2024-09-19,P01,Baburdi,0.0,0.3,0.0,-0.3
2024-09-20,P01,Baburdi,1.3,21.0,1.3,-19.7
2024-09-21,P01,Baburdi,10.39,3.7,10.39,6.69
2024-09-22,P01,Baburdi,9.85,3.5,9.85,6.35
2024-09-23,P01,Baburdi,9.62,20.0,9.62,-10.38
2024-09-24,P01,Baburdi,19.37,21.5,19.37,-2.129999999999999
2024-09-25,P01,Baburdi,85.5,21.1,85.5,64.4
2024-09-26,P01,Baburdi,18.65,23.5,18.65,-4.850000000000001
2024-09-27,P01,Baburdi,5.71,0.1,5.71,5.61
2024-09-28,P01,Baburdi,2.31,0.7,2.31,1.61
2024-09-29,P01,Baburdi,0.26,0.2,0.26,0.06
2024-09-30,P01,Baburdi,2.46,0.4,2.46,2.06
2024-10-01,P01,Baburdi,3.08,0.0,3.08,3.08
2024-10-02,P01,Baburdi,4.05,11.2,4.05,-7.1499999999999995
2024-10-03,P01,Baburdi,1.72,2.2,1.72,-0.4800000000000002
2024-10-04,P01,Baburdi,0.11,0.4,0.11,-0.29000000000000004
2024-10-05,P01,Baburdi,0.0,0.0,0.0,0.0
2024-10-06,P01,Baburdi,1.6,0.5,1.6,1.1
2024-10-07,P01,Baburdi,0.07,0.1,0.07,-0.03
2024-10-08,P01,Baburdi,1.04,0.6,1.04,0.44000000000000006
2024-10-09,P01,Baburdi,1.67,1.5,1.67,0.16999999999999993
2024-10-10,P01,Baburdi,4.19,16.3,4.19,-12.11
2024-10-11,P01,Baburdi,4.17,11.3,4.17,-7.130000000000001
2024-10-12,P01,Baburdi,0.83,3.5,0.83,-2.67
2024-10-13,P01,Baburdi,1.29,2.6,1.29,-1.31
2024-10-14,P01,Baburdi,5.87,3.7,5.87,2.17
2024-10-15,P01,Baburdi,14.8,4.4,14.8,10.4
2024-10-16,P01,Baburdi,10.61,15.6,10.61,-4.99
2024-10-17,P01,Baburdi,3.56,26.6,3.56,-23.040000000000003
2024-10-18,P01,Baburdi,3.34,8.2,3.34,-4.859999999999999
2024-10-19,P01,Baburdi,1.68,9.0,1.68,-7.32
2024-10-20,P01,Baburdi,14.08,5.7,14.08,8.379999999999999
2024-10-21,P01,Baburdi,6.07,7.0,6.07,-0.9299999999999997
2024-10-22,P01,Baburdi,3.61,1.9,3.61,1.71
2024-10-23,P01,Baburdi,0.83,0.7,0.83,0.13
2024-10-24,P01,Baburdi,0.01,0.0,0.01,0.01
2024-10-25,P01,Baburdi,0.0,0.0,0.0,0.0
2024-10-26,P01,Baburdi,0.0,0.0,0.0,0.0
2024-10-27,P01,Baburdi,0.0,0.0,0.0,0.0
2024-10-28,P01,Baburdi,0.0,0.0,0.0,0.0
2024-10-29,P01,Baburdi,0.13,0.0,0.13,0.13
2024-10-30,P01,Baburdi,0.06,0.1,0.06,-0.04000000000000001
2024-10-31,P01,Baburdi,0.19,0.6,0.19,-0.41
2024-11-01,P01,Baburdi,0.51,0.2,0.51,0.31
2024-11-02,P01,Baburdi,0.01,0.0,0.01,0.01
2024-11-03,P01,Baburdi,0.0,0.0,0.0,0.0
2024-11-04,P01,Baburdi,0.0,0.0,0.0,0.0
2024-11-05,P01,Baburdi,0.0,0.0,0.0,0.0
2024-11-06,P01,Baburdi,0.0,0.0,0.0,0.0
2024-11-07,P01,Baburdi,0.0,0.0,0.0,0.0
2024-11-08,P01,Baburdi,0.0,0.0,0.0,0.0
2024-11-09,P01,Baburdi,0.0,0.0,0.0,0.0
2024-11-10,P01,Baburdi,0.0,0.0,0.0,0.0
2024-11-11,P01,Baburdi,0.0,0.0,0.0,0.0
2024-11-12,P01,Baburdi,0.0,0.0,0.0,0.0
2024-11-13,P01,Baburdi,0.0,0.0,0.0,0.0
2024-11-14,P01,Baburdi,0.01,0.3,0.01,-0.29
2024-11-15,P01,Baburdi,4.15,1.5,4.15,2.6500000000000004
2024-11-16,P01,Baburdi,1.38,0.0,1.38,1.38
2024-11-17,P01,Baburdi,0.0,0.0,0.0,0.0
2024-11-18,P01,Baburdi,0.0,0.0,0.0,0.0
2024-11-19,P01,Baburdi,0.0,0.0,0.0,0.0
2024-11-20,P01,Baburdi,0.0,0.0,0.0,0.0
2024-11-21,P01,Baburdi,0.0,0.0,0.0,0.0
2024-11-22,P01,Baburdi,0.0,0.0,0.0,0.0
2024-11-23,P01,Baburdi,0.0,0.0,0.0,0.0
2024-11-24,P01,Baburdi,0.0,0.0,0.0,0.0
2024-11-25,P01,Baburdi,0.0,0.0,0.0,0.0
2024-11-26,P01,Baburdi,0.0,0.0,0.0,0.0
2024-11-27,P01,Baburdi,0.0,0.0,0.0,0.0
2024-11-28,P01,Baburdi,0.0,0.0,0.0,0.0
2024-11-29,P01,Baburdi,0.0,0.0,0.0,0.0
2024-11-30,P01,Baburdi,0.0,0.0,0.0,0.0
2024-12-01,P01,Baburdi,0.0,0.0,0.0,0.0
2024-12-02,P01,Baburdi,0.0,1.2,0.0,-1.2
2024-12-03,P01,Baburdi,0.02,1.9,0.02,-1.88
2024-12-04,P01,Baburdi,0.0,0.3,0.0,-0.3
2024-12-05,P01,Baburdi,0.3,0.0,0.3,0.3
2024-12-06,P01,Baburdi,0.24,0.1,0.24,0.13999999999999999
2024-12-07,P01,Baburdi,0.03,0.0,0.03,0.03
2024-12-08,P01,Baburdi,0.0,0.0,0.0,0.0
2024-12-09,P01,Baburdi,0.0,0.0,0.0,0.0
2024-12-10,P01,Baburdi,0.0,0.0,0.0,0.0
2024-12-11,P01,Baburdi,0.0,0.0,0.0,0.0
2024-12-12,P01,Baburdi,0.0,0.0,0.0,0.0
2024-12-13,P01,Baburdi,0.0,0.0,0.0,0.0
2024-12-14,P01,Baburdi,0.0,0.0,0.0,0.0
2024-12-15,P01,Baburdi,0.0,0.0,0.0,0.0
2024-12-16,P01,Baburdi,0.0,0.0,0.0,0.0
2024-12-17,P01,Baburdi,0.0,0.0,0.0,0.0
2024-12-18,P01,Baburdi,0.0,0.0,0.0,0.0
2024-12-19,P01,Baburdi,0.0,0.0,0.0,0.0
2024-12-20,P01,Baburdi,0.0,0.0,0.0,0.0
2024-12-21,P01,Baburdi,0.0,0.0,0.0,0.0
2024-12-22,P01,Baburdi,0.0,0.0,0.0,0.0
2024-12-23,P01,Baburdi,0.0,0.0,0.0,0.0
2024-12-24,P01,Baburdi,0.0,0.1,0.0,-0.1
2024-12-25,P01,Baburdi,0.0,0.0,0.0,0.0
2024-12-26,P01,Baburdi,0.0,0.3,0.0,-0.3
2024-12-27,P01,Baburdi,0.0,4.0,0.0,-4.0
2024-12-28,P01,Baburdi,0.49,0.4,0.49,0.08999999999999997
2024-12-29,P01,Baburdi,0.25,0.0,0.25,0.25
2024-12-30,P01,Baburdi,0.0,0.0,0.0,0.0
2024-12-31,P01,Baburdi,0.0,0.0,0.0,0.0
2024-09-01,P02,Dorlewadi,5.62,26.5,5.62,-20.88
2024-09-02,P02,Dorlewadi,7.57,49.0,7.57,-41.43
2024-09-03,P02,Dorlewadi,5.61,10.8,5.61,-5.19
2024-09-04,P02,Dorlewadi,11.61,2.5,11.61,9.11
2024-09-05,P02,Dorlewadi,10.56,5.2,10.56,5.36
2024-09-06,P02,Dorlewadi,4.49,0.4,4.49,4.09
2024-09-07,P02,Dorlewadi,3.12,1.5,3.12,1.62
2024-09-08,P02,Dorlewadi,2.27,1.3,2.27,0.97
2024-09-09,P02,Dorlewadi,2.77,7.6,2.77,-4.83
2024-09-10,P02,Dorlewadi,3.33,8.7,3.33,-5.369999999999999
2024-09-11,P02,Dorlewadi,4.98,2.1,4.98,2.8800000000000003
2024-09-12,P02,Dorlewadi,2.23,0.6,2.23,1.63
2024-09-13,P02,Dorlewadi,0.64,0.6,0.64,0.040000000000000036
2024-09-14,P02,Dorlewadi,2.23,0.2,2.23,2.03
2024-09-15,P02,Dorlewadi,2.66,3.2,2.66,-0.54
2024-09-16,P02,Dorlewadi,0.47,0.6,0.47,-0.13
2024-09-17,P02,Dorlewadi,0.45,0.4,0.45,0.04999999999999999
2024-09-18,P02,Dorlewadi,0.13,0.0,0.13,0.13
2024-09-19,P02,Dorlewadi,0.0,0.2,0.0,-0.2
2024-09-20,P02,Dorlewadi,1.3,1.3,1.3,0.0
2024-09-21,P02,Dorlewadi,10.39,4.8,10.39,5.590000000000001
2024-09-22,P02,Dorlewadi,9.85,10.4,9.85,-0.5500000000000007
2024-09-23,P02,Dorlewadi,9.62,36.2,9.62,-26.580000000000005
2024-09-24,P02,Dorlewadi,19.37,21.6,19.37,-2.2300000000000004
2024-09-25,P02,Dorlewadi,85.5,23.0,85.5,62.5
2024-09-26,P02,Dorlewadi,18.65,27.4,18.65,-8.75
2024-09-27,P02,Dorlewadi,5.71,0.7,5.71,5.01
2024-09-28,P02,Dorlewadi,2.31,0.9,2.31,1.4100000000000001
2024-09-29,P02,Dorlewadi,0.26,0.0,0.26,0.26
2024-09-30,P02,Dorlewadi,2.46,0.2,2.46,2.26
2024-10-01,P02,Dorlewadi,3.08,1.4,3.08,1.6800000000000002
2024-10-02,P02,Dorlewadi,4.05,17.2,4.05,-13.149999999999999
2024-10-03,P02,Dorlewadi,1.72,0.7,1.72,1.02
2024-10-04,P02,Dorlewadi,0.11,0.9,0.11,-0.79
2024-10-05,P02,Dorlewadi,0.0,0.0,0.0,0.0
2024-10-06,P02,Dorlewadi,1.6,0.9,1.6,0.7000000000000001
2024-10-07,P02,Dorlewadi,0.07,1.9,0.07,-1.8299999999999998
2024-10-08,P02,Dorlewadi,1.04,0.2,1.04,0.8400000000000001
2024-10-09,P02,Dorlewadi,1.67,6.9,1.67,-5.23
2024-10-10,P02,Dorlewadi,4.19,8.9,4.19,-4.71
2024-10-11,P02,Dorlewadi,4.17,14.0,4.17,-9.83
2024-10-12,P02,Dorlewadi,0.83,5.1,0.83,-4.27
2024-10-13,P02,Dorlewadi,1.29,1.6,1.29,-0.31000000000000005
2024-10-14,P02,Dorlewadi,5.87,0.9,5.87,4.97
2024-10-15,P02,Dorlewadi,14.8,10.9,14.8,3.9000000000000004
2024-10-16,P02,Dorlewadi,10.61,10.9,10.61,-0.2900000000000009
2024-10-17,P02,Dorlewadi,3.56,21.7,3.56,-18.14
2024-10-18,P02,Dorlewadi,3.34,3.3,3.34,0.040000000000000036
2024-10-19,P02,Dorlewadi,1.68,16.2,1.68,-14.52
2024-10-20,P02,Dorlewadi,14.08,10.8,14.08,3.2799999999999994
2024-10-21,P02,Dorlewadi,6.07,5.9,6.07,0.16999999999999993
2024-10-22,P02,Dorlewadi,3.61,3.5,3.61,0.10999999999999988
2024-10-23,P02,Dorlewadi,0.83,0.8,0.83,0.029999999999999916
2024-10-24,P02,Dorlewadi,0.01,0.0,0.01,0.01
2024-10-25,P02,Dorlewadi,0.0,0.0,0.0,0.0
2024-10-26,P02,Dorlewadi,0.0,0.0,0.0,0.0
2024-10-27,P02,Dorlewadi,0.0,0.0,0.0,0.0
2024-10-28,P02,Dorlewadi,0.0,0.0,0.0,0.0
2024-10-29,P02,Dorlewadi,0.13,0.0,0.13,0.13
2024-10-30,P02,Dorlewadi,0.06,0.0,0.06,0.06
2024-10-31,P02,Dorlewadi,0.19,1.4,0.19,-1.21
2024-11-01,P02,Dorlewadi,0.51,1.7,0.51,-1.19
2024-11-02,P02,Dorlewadi,0.01,0.0,0.01,0.01
2024-11-03,P02,Dorlewadi,0.0,0.0,0.0,0.0
2024-11-04,P02,Dorlewadi,0.0,0.0,0.0,0.0
2024-11-05,P02,Dorlewadi,0.0,0.0,0.0,0.0
2024-11-06,P02,Dorlewadi,0.0,0.0,0.0,0.0
2024-11-07,P02,Dorlewadi,0.0,0.0,0.0,0.0
2024-11-08,P02,Dorlewadi,0.0,0.0,0.0,0.0
2024-11-09,P02,Dorlewadi,0.0,0.0,0.0,0.0
2024-11-10,P02,Dorlewadi,0.0,0.0,0.0,0.0
2024-11-11,P02,Dorlewadi,0.0,0.0,0.0,0.0
2024-11-12,P02,Dorlewadi,0.0,0.0,0.0,0.0
2024-11-13,P02,Dorlewadi,0.0,0.0,0.0,0.0
2024-11-14,P02,Dorlewadi,0.01,0.3,0.01,-0.29
2024-11-15,P02,Dorlewadi,4.15,0.5,4.15,3.6500000000000004
2024-11-16,P02,Dorlewadi,1.38,0.0,1.38,1.38
2024-11-17,P02,Dorlewadi,0.0,0.0,0.0,0.0
2024-11-18,P02,Dorlewadi,0.0,0.0,0.0,0.0
2024-11-19,P02,Dorlewadi,0.0,0.0,0.0,0.0
2024-11-20,P02,Dorlewadi,0.0,0.0,0.0,0.0
2024-11-21,P02,Dorlewadi,0.0,0.0,0.0,0.0
2024-11-22,P02,Dorlewadi,0.0,0.0,0.0,0.0
2024-11-23,P02,Dorlewadi,0.0,0.0,0.0,0.0
2024-11-24,P02,Dorlewadi,0.0,0.0,0.0,0.0
2024-11-25,P02,Dorlewadi,0.0,0.0,0.0,0.0
2024-11-26,P02,Dorlewadi,0.0,0.0,0.0,0.0
2024-11-27,P02,Dorlewadi,0.0,0.0,0.0,0.0
2024-11-28,P02,Dorlewadi,0.0,0.0,0.0,0.0
2024-11-29,P02,Dorlewadi,0.0,0.0,0.0,0.0
2024-11-30,P02,Dorlewadi,0.0,0.0,0.0,0.0
2024-12-01,P02,Dorlewadi,0.0,0.0,0.0,0.0
2024-12-02,P02,Dorlewadi,0.0,0.7,0.0,-0.7
2024-12-03,P02,Dorlewadi,0.02,2.3,0.02,-2.28
2024-12-04,P02,Dorlewadi,0.0,0.6,0.0,-0.6
2024-12-05,P02,Dorlewadi,0.3,0.1,0.3,0.19999999999999998
2024-12-06,P02,Dorlewadi,0.24,0.8,0.24,-0.56
2024-12-07,P02,Dorlewadi,0.03,0.2,0.03,-0.17
2024-12-08,P02,Dorlewadi,0.0,0.0,0.0,0.0
2024-12-09,P02,Dorlewadi,0.0,0.0,0.0,0.0
2024-12-10,P02,Dorlewadi,0.0,0.0,0.0,0.0
2024-12-11,P02,Dorlewadi,0.0,0.0,0.0,0.0
2024-12-12,P02,Dorlewadi,0.0,0.0,0.0,0.0
2024-12-13,P02,Dorlewadi,0.0,0.0,0.0,0.0
2024-12-14,P02,Dorlewadi,0.0,0.0,0.0,0.0
2024-12-15,P02,Dorlewadi,0.0,0.0,0.0,0.0
2024-12-16,P02,Dorlewadi,0.0,0.0,0.0,0.0
2024-12-17,P02,Dorlewadi,0.0,0.0,0.0,0.0
2024-12-18,P02,Dorlewadi,0.0,0.0,0.0,0.0
2024-12-19,P02,Dorlewadi,0.0,0.0,0.0,0.0
2024-12-20,P02,Dorlewadi,0.0,0.0,0.0,0.0
2024-12-21,P02,Dorlewadi,0.0,0.0,0.0,0.0
2024-12-22,P02,Dorlewadi,0.0,0.0,0.0,0.0
2024-12-23,P02,Dorlewadi,0.0,0.0,0.0,0.0
2024-12-24,P02,Dorlewadi,0.0,0.0,0.0,0.0
2024-12-25,P02,Dorlewadi,0.0,0.0,0.0,0.0
2024-12-26,P02,Dorlewadi,0.0,0.8,0.0,-0.8
2024-12-27,P02,Dorlewadi,0.0,3.6,0.0,-3.6
2024-12-28,P02,Dorlewadi,0.49,0.1,0.49,0.39
2024-12-29,P02,Dorlewadi,0.25,0.1,0.25,0.15
2024-12-30,P02,Dorlewadi,0.0,0.0,0.0,0.0
2024-12-31,P02,Dorlewadi,0.0,0.0,0.0,0.0
2024-09-01,P03,Gojubavi,5.62,30.6,5.62,-24.98
2024-09-02,P03,Gojubavi,7.57,40.1,7.57,-32.53
2024-09-03,P03,Gojubavi,5.61,8.4,5.61,-2.79
2024-09-04,P03,Gojubavi,11.61,2.2,11.61,9.41
2024-09-05,P03,Gojubavi,10.56,9.1,10.56,1.4600000000000009
2024-09-06,P03,Gojubavi,4.49,0.9,4.49,3.5900000000000003
2024-09-07,P03,Gojubavi,3.12,0.8,3.12,2.3200000000000003
2024-09-08,P03,Gojubavi,2.27,3.4,2.27,-1.13
2024-09-09,P03,Gojubavi,2.77,5.4,2.77,-2.6300000000000003
2024-09-10,P03,Gojubavi,3.33,1.6,3.33,1.73
2024-09-11,P03,Gojubavi,4.98,3.0,4.98,1.9800000000000004
2024-09-12,P03,Gojubavi,2.23,0.5,2.23,1.73
2024-09-13,P03,Gojubavi,0.64,0.3,0.64,0.34
2024-09-14,P03,Gojubavi,2.23,1.0,2.23,1.23
2024-09-15,P03,Gojubavi,2.66,6.9,2.66,-4.24
2024-09-16,P03,Gojubavi,0.47,0.1,0.47,0.37
2024-09-17,P03,Gojubavi,0.45,1.2,0.45,-0.75
2024-09-18,P03,Gojubavi,0.13,0.0,0.13,0.13
2024-09-19,P03,Gojubavi,0.0,0.2,0.0,-0.2
2024-09-20,P03,Gojubavi,1.3,6.5,1.3,-5.2
2024-09-21,P03,Gojubavi,10.39,2.2,10.39,8.190000000000001
2024-09-22,P03,Gojubavi,9.85,6.2,9.85,3.6499999999999995
2024-09-23,P03,Gojubavi,9.62,18.6,9.62,-8.980000000000002
2024-09-24,P03,Gojubavi,19.37,16.3,19.37,3.0700000000000003
2024-09-25,P03,Gojubavi,85.5,42.2,85.5,43.3
2024-09-26,P03,Gojubavi,18.65,25.2,18.65,-6.550000000000001
2024-09-27,P03,Gojubavi,5.71,2.1,5.71,3.61
2024-09-28,P03,Gojubavi,2.31,0.6,2.31,1.71
2024-09-29,P03,Gojubavi,0.26,0.4,0.26,-0.14
2024-09-30,P03,Gojubavi,2.46,0.3,2.46,2.16
2024-10-01,P03,Gojubavi,3.08,0.2,3.08,2.88
2024-10-02,P03,Gojubavi,4.05,3.1,4.05,0.9499999999999997
2024-10-03,P03,Gojubavi,1.72,0.7,1.72,1.02
2024-10-04,P03,Gojubavi,0.11,0.7,0.11,-0.59
2024-10-05,P03,Gojubavi,0.0,0.0,0.0,0.0
2024-10-06,P03,Gojubavi,1.6,1.1,1.6,0.5
2024-10-07,P03,Gojubavi,0.07,0.7,0.07,-0.6299999999999999
2024-10-08,P03,Gojubavi,1.04,0.0,1.04,1.04
2024-10-09,P03,Gojubavi,1.67,4.6,1.67,-2.9299999999999997
2024-10-10,P03,Gojubavi,4.19,17.6,4.19,-13.41
2024-10-11,P03,Gojubavi,4.17,13.2,4.17,-9.03
2024-10-12,P03,Gojubavi,0.83,6.3,0.83,-5.47
2024-10-13,P03,Gojubavi,1.29,6.6,1.29,-5.31
2024-10-14,P03,Gojubavi,5.87,4.2,5.87,1.67
2024-10-15,P03,Gojubavi,14.8,16.0,14.8,-1.1999999999999993
2024-10-16,P03,Gojubavi,10.61,15.7,10.61,-5.09
2024-10-17,P03,Gojubavi,3.56,25.3,3.56,-21.740000000000002
2024-10-18,P03,Gojubavi,3.34,12.4,3.34,-9.06
2024-10-19,P03,Gojubavi,1.68,16.0,1.68,-14.32
2024-10-20,P03,Gojubavi,14.08,9.0,14.08,5.08
2024-10-21,P03,Gojubavi,6.07,6.3,6.07,-0.22999999999999954
2024-10-22,P03,Gojubavi,3.61,2.7,3.61,0.9099999999999997
2024-10-23,P03,Gojubavi,0.83,0.0,0.83,0.83
2024-10-24,P03,Gojubavi,0.01,0.0,0.01,0.01
2024-10-25,P03,Gojubavi,0.0,0.0,0.0,0.0
2024-10-26,P03,Gojubavi,0.0,0.0,0.0,0.0
2024-10-27,P03,Gojubavi,0.0,0.0,0.0,0.0
2024-10-28,P03,Gojubavi,0.0,0.0,0.0,0.0
2024-10-29,P03,Gojubavi,0.13,0.0,0.13,0.13
2024-10-30,P03,Gojubavi,0.06,0.1,0.06,-0.04000000000000001
2024-10-31,P03,Gojubavi,0.19,0.9,0.19,-0.71
2024-11-01,P03,Gojubavi,0.51,0.5,0.51,0.010000000000000009
2024-11-02,P03,Gojubavi,0.01,0.0,0.01,0.01
2024-11-03,P03,Gojubavi,0.0,0.0,0.0,0.0
2024-11-04,P03,Gojubavi,0.0,0.0,0.0,0.0
2024-11-05,P03,Gojubavi,0.0,0.0,0.0,0.0
2024-11-06,P03,Gojubavi,0.0,0.0,0.0,0.0
2024-11-07,P03,Gojubavi,0.0,0.0,0.0,0.0
2024-11-08,P03,Gojubavi,0.0,0.0,0.0,0.0
2024-11-09,P03,Gojubavi,0.0,0.0,0.0,0.0
2024-11-10,P03,Gojubavi,0.0,0.0,0.0,0.0
2024-11-11,P03,Gojubavi,0.0,0.0,0.0,0.0
2024-11-12,P03,Gojubavi,0.0,0.0,0.0,0.0
2024-11-13,P03,Gojubavi,0.0,0.0,0.0,0.0
2024-11-14,P03,Gojubavi,0.01,0.9,0.01,-0.89
2024-11-15,P03,Gojubavi,4.15,0.7,4.15,3.45
2024-11-16,P03,Gojubavi,1.38,0.0,1.38,1.38
2024-11-17,P03,Gojubavi,0.0,0.0,0.0,0.0
2024-11-18,P03,Gojubavi,0.0,0.0,0.0,0.0
2024-11-19,P03,Gojubavi,0.0,0.0,0.0,0.0
2024-11-20,P03,Gojubavi,0.0,0.0,0.0,0.0
2024-11-21,P03,Gojubavi,0.0,0.0,0.0,0.0
2024-11-22,P03,Gojubavi,0.0,0.0,0.0,0.0
2024-11-23,P03,Gojubavi,0.0,0.0,0.0,0.0
2024-11-24,P03,Gojubavi,0.0,0.0,0.0,0.0
2024-11-25,P03,Gojubavi,0.0,0.0,0.0,0.0
2024-11-26,P03,Gojubavi,0.0,0.0,0.0,0.0
2024-11-27,P03,Gojubavi,0.0,0.0,0.0,0.0
2024-11-28,P03,Gojubavi,0.0,0.0,0.0,0.0
2024-11-29,P03,Gojubavi,0.0,0.0,0.0,0.0
2024-11-30,P03,Gojubavi,0.0,0.0,0.0,0.0
2024-12-01,P03,Gojubavi,0.0,0.0,0.0,0.0
2024-12-02,P03,Gojubavi,0.0,0.5,0.0,-0.5
2024-12-03,P03,Gojubavi,0.02,1.8,0.02,-1.78
2024-12-04,P03,Gojubavi,0.0,0.6,0.0,-0.6
2024-12-05,P03,Gojubavi,0.3,0.0,0.3,0.3
2024-12-06,P03,Gojubavi,0.24,0.1,0.24,0.13999999999999999
2024-12-07,P03,Gojubavi,0.03,0.0,0.03,0.03
2024-12-08,P03,Gojubavi,0.0,0.0,0.0,0.0
2024-12-09,P03,Gojubavi,0.0,0.0,0.0,0.0
2024-12-10,P03,Gojubavi,0.0,0.0,0.0,0.0
2024-12-11,P03,Gojubavi,0.0,0.0,0.0,0.0
2024-12-12,P03,Gojubavi,0.0,0.0,0.0,0.0
2024-12-13,P03,Gojubavi,0.0,0.0,0.0,0.0
2024-12-14,P03,Gojubavi,0.0,0.0,0.0,0.0
2024-12-15,P03,Gojubavi,0.0,0.0,0.0,0.0
2024-12-16,P03,Gojubavi,0.0,0.0,0.0,0.0
2024-12-17,P03,Gojubavi,0.0,0.0,0.0,0.0
2024-12-18,P03,Gojubavi,0.0,0.0,0.0,0.0
2024-12-19,P03,Gojubavi,0.0,0.0,0.0,0.0
2024-12-20,P03,Gojubavi,0.0,0.0,0.0,0.0
2024-12-21,P03,Gojubavi,0.0,0.0,0.0,0.0
2024-12-22,P03,Gojubavi,0.0,0.0,0.0,0.0
2024-12-23,P03,Gojubavi,0.0,0.0,0.0,0.0
2024-12-24,P03,Gojubavi,0.0,0.2,0.0,-0.2
2024-12-25,P03,Gojubavi,0.0,0.0,0.0,0.0
2024-12-26,P03,Gojubavi,0.0,0.3,0.0,-0.3
2024-12-27,P03,Gojubavi,0.0,3.7,0.0,-3.7
2024-12-28,P03,Gojubavi,0.49,0.0,0.49,0.49
2024-12-29,P03,Gojubavi,0.25,0.1,0.25,0.15
2024-12-30,P03,Gojubavi,0.0,0.0,0.0,0.0
2024-12-31,P03,Gojubavi,0.0,0.0,0.0,0.0
2024-09-01,P04,Gunwadi,5.62,26.5,5.62,-20.88
2024-09-02,P04,Gunwadi,7.57,49.0,7.57,-41.43
2024-09-03,P04,Gunwadi,5.61,10.8,5.61,-5.19
2024-09-04,P04,Gunwadi,11.61,2.5,11.61,9.11
2024-09-05,P04,Gunwadi,10.56,5.2,10.56,5.36
2024-09-06,P04,Gunwadi,4.49,0.4,4.49,4.09
2024-09-07,P04,Gunwadi,3.12,1.5,3.12,1.62
2024-09-08,P04,Gunwadi,2.27,1.3,2.27,0.97
2024-09-09,P04,Gunwadi,2.77,7.6,2.77,-4.83
2024-09-10,P04,Gunwadi,3.33,8.7,3.33,-5.369999999999999
2024-09-11,P04,Gunwadi,4.98,2.1,4.98,2.8800000000000003
2024-09-12,P04,Gunwadi,2.23,0.6,2.23,1.63
2024-09-13,P04,Gunwadi,0.64,0.6,0.64,0.040000000000000036
2024-09-14,P04,Gunwadi,2.23,0.2,2.23,2.03
2024-09-15,P04,Gunwadi,2.66,3.2,2.66,-0.54
2024-09-16,P04,Gunwadi,0.47,0.6,0.47,-0.13
2024-09-17,P04,Gunwadi,0.45,0.4,0.45,0.04999999999999999
2024-09-18,P04,Gunwadi,0.13,0.0,0.13,0.13
2024-09-19,P04,Gunwadi,0.0,0.2,0.0,-0.2
2024-09-20,P04,Gunwadi,1.3,1.3,1.3,0.0
2024-09-21,P04,Gunwadi,10.39,4.8,10.39,5.590000000000001
2024-09-22,P04,Gunwadi,9.85,10.4,9.85,-0.5500000000000007
2024-09-23,P04,Gunwadi,9.62,36.2,9.62,-26.580000000000005
2024-09-24,P04,Gunwadi,19.37,21.6,19.37,-2.2300000000000004
2024-09-25,P04,Gunwadi,85.5,23.0,85.5,62.5
2024-09-26,P04,Gunwadi,18.65,27.4,18.65,-8.75
2024-09-27,P04,Gunwadi,5.71,0.7,5.71,5.01
2024-09-28,P04,Gunwadi,2.31,0.9,2.31,1.4100000000000001
2024-09-29,P04,Gunwadi,0.26,0.0,0.26,0.26
2024-09-30,P04,Gunwadi,2.46,0.2,2.46,2.26
2024-10-01,P04,Gunwadi,3.08,1.4,3.08,1.6800000000000002
2024-10-02,P04,Gunwadi,4.05,17.2,4.05,-13.149999999999999
2024-10-03,P04,Gunwadi,1.72,0.7,1.72,1.02
2024-10-04,P04,Gunwadi,0.11,0.9,0.11,-0.79
2024-10-05,P04,Gunwadi,0.0,0.0,0.0,0.0
2024-10-06,P04,Gunwadi,1.6,0.9,1.6,0.7000000000000001
2024-10-07,P04,Gunwadi,0.07,1.9,0.07,-1.8299999999999998
2024-10-08,P04,Gunwadi,1.04,0.2,1.04,0.8400000000000001
2024-10-09,P04,Gunwadi,1.67,6.9,1.67,-5.23
2024-10-10,P04,Gunwadi,4.19,8.9,4.19,-4.71
2024-10-11,P04,Gunwadi,4.17,14.0,4.17,-9.83
2024-10-12,P04,Gunwadi,0.83,5.1,0.83,-4.27
2024-10-13,P04,Gunwadi,1.29,1.6,1.29,-0.31000000000000005
2024-10-14,P04,Gunwadi,5.87,0.9,5.87,4.97
2024-10-15,P04,Gunwadi,14.8,10.9,14.8,3.9000000000000004
2024-10-16,P04,Gunwadi,10.61,10.9,10.61,-0.2900000000000009
2024-10-17,P04,Gunwadi,3.56,21.7,3.56,-18.14
2024-10-18,P04,Gunwadi,3.34,3.3,3.34,0.040000000000000036
2024-10-19,P04,Gunwadi,1.68,16.2,1.68,-14.52
2024-10-20,P04,Gunwadi,14.08,10.8,14.08,3.2799999999999994
2024-10-21,P04,Gunwadi,6.07,5.9,6.07,0.16999999999999993
2024-10-22,P04,Gunwadi,3.61,3.5,3.61,0.10999999999999988
2024-10-23,P04,Gunwadi,0.83,0.8,0.83,0.029999999999999916
2024-10-24,P04,Gunwadi,0.01,0.0,0.01,0.01
2024-10-25,P04,Gunwadi,0.0,0.0,0.0,0.0
2024-10-26,P04,Gunwadi,0.0,0.0,0.0,0.0
2024-10-27,P04,Gunwadi,0.0,0.0,0.0,0.0
2024-10-28,P04,Gunwadi,0.0,0.0,0.0,0.0
2024-10-29,P04,Gunwadi,0.13,0.0,0.13,0.13
2024-10-30,P04,Gunwadi,0.06,0.0,0.06,0.06
2024-10-31,P04,Gunwadi,0.19,1.4,0.19,-1.21
2024-11-01,P04,Gunwadi,0.51,1.7,0.51,-1.19
2024-11-02,P04,Gunwadi,0.01,0.0,0.01,0.01
2024-11-03,P04,Gunwadi,0.0,0.0,0.0,0.0
2024-11-04,P04,Gunwadi,0.0,0.0,0.0,0.0
2024-11-05,P04,Gunwadi,0.0,0.0,0.0,0.0
2024-11-06,P04,Gunwadi,0.0,0.0,0.0,0.0
2024-11-07,P04,Gunwadi,0.0,0.0,0.0,0.0
2024-11-08,P04,Gunwadi,0.0,0.0,0.0,0.0
2024-11-09,P04,Gunwadi,0.0,0.0,0.0,0.0
2024-11-10,P04,Gunwadi,0.0,0.0,0.0,0.0
2024-11-11,P04,Gunwadi,0.0,0.0,0.0,0.0
2024-11-12,P04,Gunwadi,0.0,0.0,0.0,0.0
2024-11-13,P04,Gunwadi,0.0,0.0,0.0,0.0
2024-11-14,P04,Gunwadi,0.01,0.3,0.01,-0.29
2024-11-15,P04,Gunwadi,4.15,0.5,4.15,3.6500000000000004
2024-11-16,P04,Gunwadi,1.38,0.0,1.38,1.38
2024-11-17,P04,Gunwadi,0.0,0.0,0.0,0.0
2024-11-18,P04,Gunwadi,0.0,0.0,0.0,0.0
2024-11-19,P04,Gunwadi,0.0,0.0,0.0,0.0
2024-11-20,P04,Gunwadi,0.0,0.0,0.0,0.0
2024-11-21,P04,Gunwadi,0.0,0.0,0.0,0.0
2024-11-22,P04,Gunwadi,0.0,0.0,0.0,0.0
2024-11-23,P04,Gunwadi,0.0,0.0,0.0,0.0
2024-11-24,P04,Gunwadi,0.0,0.0,0.0,0.0
2024-11-25,P04,Gunwadi,0.0,0.0,0.0,0.0
2024-11-26,P04,Gunwadi,0.0,0.0,0.0,0.0
2024-11-27,P04,Gunwadi,0.0,0.0,0.0,0.0
2024-11-28,P04,Gunwadi,0.0,0.0,0.0,0.0
2024-11-29,P04,Gunwadi,0.0,0.0,0.0,0.0
2024-11-30,P04,Gunwadi,0.0,0.0,0.0,0.0
2024-12-01,P04,Gunwadi,0.0,0.0,0.0,0.0
2024-12-02,P04,Gunwadi,0.0,0.7,0.0,-0.7
2024-12-03,P04,Gunwadi,0.02,2.3,0.02,-2.28
2024-12-04,P04,Gunwadi,0.0,0.6,0.0,-0.6
2024-12-05,P04,Gunwadi,0.3,0.1,0.3,0.19999999999999998
2024-12-06,P04,Gunwadi,0.24,0.8,0.24,-0.56
2024-12-07,P04,Gunwadi,0.03,0.2,0.03,-0.17
2024-12-08,P04,Gunwadi,0.0,0.0,0.0,0.0
2024-12-09,P04,Gunwadi,0.0,0.0,0.0,0.0
2024-12-10,P04,Gunwadi,0.0,0.0,0.0,0.0
2024-12-11,P04,Gunwadi,0.0,0.0,0.0,0.0
2024-12-12,P04,Gunwadi,0.0,0.0,0.0,0.0
2024-12-13,P04,Gunwadi,0.0,0.0,0.0,0.0
2024-12-14,P04,Gunwadi,0.0,0.0,0.0,0.0
2024-12-15,P04,Gunwadi,0.0,0.0,0.0,0.0
2024-12-16,P04,Gunwadi,0.0,0.0,0.0,0.0
2024-12-17,P04,Gunwadi,0.0,0.0,0.0,0.0
2024-12-18,P04,Gunwadi,0.0,0.0,0.0,0.0
2024-12-19,P04,Gunwadi,0.0,0.0,0.0,0.0
2024-12-20,P04,Gunwadi,0.0,0.0,0.0,0.0
2024-12-21,P04,Gunwadi,0.0,0.0,0.0,0.0
2024-12-22,P04,Gunwadi,0.0,0.0,0.0,0.0
2024-12-23,P04,Gunwadi,0.0,0.0,0.0,0.0
2024-12-24,P04,Gunwadi,0.0,0.0,0.0,0.0
2024-12-25,P04,Gunwadi,0.0,0.0,0.0,0.0
2024-12-26,P04,Gunwadi,0.0,0.8,0.0,-0.8
2024-12-27,P04,Gunwadi,0.0,3.6,0.0,-3.6
2024-12-28,P04,Gunwadi,0.49,0.1,0.49,0.39
2024-12-29,P04,Gunwadi,0.25,0.1,0.25,0.15
2024-12-30,P04,Gunwadi,0.0,0.0,0.0,0.0
2024-12-31,P04,Gunwadi,0.0,0.0,0.0,0.0
2024-09-01,P05,Hol,5.62,16.4,5.62,-10.779999999999998
2024-09-02,P05,Hol,7.57,45.6,7.57,-38.03
2024-09-03,P05,Hol,5.61,12.9,5.61,-7.29
2024-09-04,P05,Hol,11.61,1.2,11.61,10.41
2024-09-05,P05,Hol,10.56,10.4,10.56,0.16000000000000014
2024-09-06,P05,Hol,4.49,0.8,4.49,3.6900000000000004
2024-09-07,P05,Hol,3.12,0.8,3.12,2.3200000000000003
2024-09-08,P05,Hol,2.27,0.4,2.27,1.87
2024-09-09,P05,Hol,2.77,4.7,2.77,-1.9300000000000002
2024-09-10,P05,Hol,3.33,6.8,3.33,-3.4699999999999998
2024-09-11,P05,Hol,4.98,1.0,4.98,3.9800000000000004
2024-09-12,P05,Hol,2.23,0.8,2.23,1.43
2024-09-13,P05,Hol,0.64,0.2,0.64,0.44
2024-09-14,P05,Hol,2.23,0.9,2.23,1.33
2024-09-15,P05,Hol,2.66,2.5,2.66,0.16000000000000014
2024-09-16,P05,Hol,0.47,0.3,0.47,0.16999999999999998
2024-09-17,P05,Hol,0.45,0.0,0.45,0.45
2024-09-18,P05,Hol,0.13,0.0,0.13,0.13
2024-09-19,P05,Hol,0.0,0.2,0.0,-0.2
2024-09-20,P05,Hol,1.3,9.4,1.3,-8.1
2024-09-21,P05,Hol,10.39,13.9,10.39,-3.51
2024-09-22,P05,Hol,9.85,2.2,9.85,7.6499999999999995
2024-09-23,P05,Hol,9.62,34.5,9.62,-24.880000000000003
2024-09-24,P05,Hol,19.37,7.7,19.37,11.670000000000002
2024-09-25,P05,Hol,85.5,28.6,85.5,56.9
2024-09-26,P05,Hol,18.65,27.9,18.65,-9.25
2024-09-27,P05,Hol,5.71,0.2,5.71,5.51
2024-09-28,P05,Hol,2.31,2.5,2.31,-0.18999999999999995
2024-09-29,P05,Hol,0.26,0.3,0.26,-0.03999999999999998
2024-09-30,P05,Hol,2.46,0.0,2.46,2.46
2024-10-01,P05,Hol,3.08,1.0,3.08,2.08
2024-10-02,P05,Hol,4.05,16.7,4.05,-12.649999999999999
2024-10-03,P05,Hol,1.72,1.1,1.72,0.6199999999999999
2024-10-04,P05,Hol,0.11,0.0,0.11,0.11
2024-10-05,P05,Hol,0.0,0.0,0.0,0.0
2024-10-06,P05,Hol,1.6,1.9,1.6,-0.2999999999999998
2024-10-07,P05,Hol,0.07,0.2,0.07,-0.13
2024-10-08,P05,Hol,1.04,0.4,1.04,0.64
2024-10-09,P05,Hol,1.67,3.2,1.67,-1.5300000000000002
2024-10-10,P05,Hol,4.19,14.5,4.19,-10.309999999999999
2024-10-11,P05,Hol,4.17,10.9,4.17,-6.73
2024-10-12,P05,Hol,0.83,4.7,0.83,-3.87
2024-10-13,P05,Hol,1.29,5.7,1.29,-4.41
2024-10-14,P05,Hol,5.87,6.0,5.87,-0.1299999999999999
2024-10-15,P05,Hol,14.8,8.4,14.8,6.4
2024-10-16,P05,Hol,10.61,15.4,10.61,-4.790000000000001
2024-10-17,P05,Hol,3.56,16.9,3.56,-13.339999999999998
2024-10-18,P05,Hol,3.34,9.9,3.34,-6.5600000000000005
2024-10-19,P05,Hol,1.68,5.4,1.68,-3.7200000000000006
2024-10-20,P05,Hol,14.08,3.5,14.08,10.58
2024-10-21,P05,Hol,6.07,7.8,6.07,-1.7299999999999995
2024-10-22,P05,Hol,3.61,2.3,3.61,1.31
2024-10-23,P05,Hol,0.83,0.3,0.83,0.53
2024-10-24,P05,Hol,0.01,0.0,0.01,0.01
2024-10-25,P05,Hol,0.0,0.0,0.0,0.0
2024-10-26,P05,Hol,0.0,0.0,0.0,0.0
2024-10-27,P05,Hol,0.0,0.0,0.0,0.0
2024-10-28,P05,Hol,0.0,0.0,0.0,0.0
2024-10-29,P05,Hol,0.13,0.0,0.13,0.13
2024-10-30,P05,Hol,0.06,0.0,0.06,0.06
2024-10-31,P05,Hol,0.19,0.3,0.19,-0.10999999999999999
2024-11-01,P05,Hol,0.51,1.4,0.51,-0.8899999999999999
2024-11-02,P05,Hol,0.01,0.0,0.01,0.01
2024-11-03,P05,Hol,0.0,0.0,0.0,0.0
2024-11-04,P05,Hol,0.0,0.0,0.0,0.0
2024-11-05,P05,Hol,0.0,0.0,0.0,0.0
2024-11-06,P05,Hol,0.0,0.0,0.0,0.0
2024-11-07,P05,Hol,0.0,0.0,0.0,0.0
2024-11-08,P05,Hol,0.0,0.0,0.0,0.0
2024-11-09,P05,Hol,0.0,0.0,0.0,0.0
2024-11-10,P05,Hol,0.0,0.0,0.0,0.0
2024-11-11,P05,Hol,0.0,0.0,0.0,0.0
2024-11-12,P05,Hol,0.0,0.0,0.0,0.0
2024-11-13,P05,Hol,0.0,0.0,0.0,0.0
2024-11-14,P05,Hol,0.01,0.5,0.01,-0.49
2024-11-15,P05,Hol,4.15,1.9,4.15,2.2500000000000004
2024-11-16,P05,Hol,1.38,0.0,1.38,1.38
2024-11-17,P05,Hol,0.0,0.0,0.0,0.0
2024-11-18,P05,Hol,0.0,0.0,0.0,0.0
2024-11-19,P05,Hol,0.0,0.0,0.0,0.0
2024-11-20,P05,Hol,0.0,0.0,0.0,0.0
2024-11-21,P05,Hol,0.0,0.0,0.0,0.0
2024-11-22,P05,Hol,0.0,0.0,0.0,0.0
2024-11-23,P05,Hol,0.0,0.0,0.0,0.0
2024-11-24,P05,Hol,0.0,0.0,0.0,0.0
2024-11-25,P05,Hol,0.0,0.0,0.0,0.0
2024-11-26,P05,Hol,0.0,0.0,0.0,0.0
2024-11-27,P05,Hol,0.0,0.0,0.0,0.0
2024-11-28,P05,Hol,0.0,0.0,0.0,0.0
2024-11-29,P05,Hol,0.0,0.0,0.0,0.0
2024-11-30,P05,Hol,0.0,0.0,0.0,0.0
2024-12-01,P05,Hol,0.0,0.0,0.0,0.0
2024-12-02,P05,Hol,0.0,1.9,0.0,-1.9
2024-12-03,P05,Hol,0.02,1.5,0.02,-1.48
2024-12-04,P05,Hol,0.0,0.8,0.0,-0.8
2024-12-05,P05,Hol,0.3,0.2,0.3,0.09999999999999998
2024-12-06,P05,Hol,0.24,0.0,0.24,0.24
2024-12-07,P05,Hol,0.03,0.0,0.03,0.03
2024-12-08,P05,Hol,0.0,0.0,0.0,0.0
2024-12-09,P05,Hol,0.0,0.0,0.0,0.0
2024-12-10,P05,Hol,0.0,0.0,0.0,0.0
2024-12-11,P05,Hol,0.0,0.0,0.0,0.0
2024-12-12,P05,Hol,0.0,0.0,0.0,0.0
2024-12-13,P05,Hol,0.0,0.0,0.0,0.0
2024-12-14,P05,Hol,0.0,0.0,0.0,0.0
2024-12-15,P05,Hol,0.0,0.0,0.0,0.0
2024-12-16,P05,Hol,0.0,0.0,0.0,0.0
2024-12-17,P05,Hol,0.0,0.0,0.0,0.0
2024-12-18,P05,Hol,0.0,0.0,0.0,0.0
2024-12-19,P05,Hol,0.0,0.0,0.0,0.0
2024-12-20,P05,Hol,0.0,0.0,0.0,0.0
2024-12-21,P05,Hol,0.0,0.0,0.0,0.0
2024-12-22,P05,Hol,0.0,0.0,0.0,0.0
2024-12-23,P05,Hol,0.0,0.0,0.0,0.0
2024-12-24,P05,Hol,0.0,0.0,0.0,0.0
2024-12-25,P05,Hol,0.0,0.0,0.0,0.0
2024-12-26,P05,Hol,0.0,0.5,0.0,-0.5
2024-12-27,P05,Hol,0.0,2.3,0.0,-2.3
2024-12-28,P05,Hol,0.49,0.4,0.49,0.08999999999999997
2024-12-29,P05,Hol,0.25,0.4,0.25,-0.15000000000000002
2024-12-30,P05,Hol,0.0,0.0,0.0,0.0
2024-12-31,P05,Hol,0.0,0.0,0.0,0.0
2024-09-01,P06,Katewadi,5.62,34.7,5.62,-29.080000000000002
2024-09-02,P06,Katewadi,7.57,48.4,7.57,-40.83
2024-09-03,P06,Katewadi,5.61,7.7,5.61,-2.09
2024-09-04,P06,Katewadi,11.61,1.3,11.61,10.309999999999999
2024-09-05,P06,Katewadi,10.56,6.6,10.56,3.960000000000001
2024-09-06,P06,Katewadi,4.49,0.3,4.49,4.19
2024-09-07,P06,Katewadi,3.12,0.8,3.12,2.3200000000000003
2024-09-08,P06,Katewadi,2.27,1.0,2.27,1.27
2024-09-09,P06,Katewadi,2.77,8.8,2.77,-6.030000000000001
2024-09-10,P06,Katewadi,3.33,4.7,3.33,-1.37
2024-09-11,P06,Katewadi,4.98,1.1,4.98,3.8800000000000003
2024-09-12,P06,Katewadi,2.23,0.4,2.23,1.83
2024-09-13,P06,Katewadi,0.64,0.4,0.64,0.24
2024-09-14,P06,Katewadi,2.23,0.3,2.23,1.93
2024-09-15,P06,Katewadi,2.66,5.4,2.66,-2.74
2024-09-16,P06,Katewadi,0.47,0.3,0.47,0.16999999999999998
2024-09-17,P06,Katewadi,0.45,0.2,0.45,0.25
2024-09-18,P06,Katewadi,0.13,0.0,0.13,0.13
2024-09-19,P06,Katewadi,0.0,0.1,0.0,-0.1
2024-09-20,P06,Katewadi,1.3,1.3,1.3,0.0
2024-09-21,P06,Katewadi,10.39,2.0,10.39,8.39
2024-09-22,P06,Katewadi,9.85,7.3,9.85,2.55
2024-09-23,P06,Katewadi,9.62,32.2,9.62,-22.580000000000005
2024-09-24,P06,Katewadi,19.37,20.9,19.37,-1.5299999999999976
2024-09-25,P06,Katewadi,85.5,21.3,85.5,64.2
2024-09-26,P06,Katewadi,18.65,18.4,18.65,0.25
2024-09-27,P06,Katewadi,5.71,0.2,5.71,5.51
2024-09-28,P06,Katewadi,2.31,0.6,2.31,1.71
2024-09-29,P06,Katewadi,0.26,0.0,0.26,0.26
2024-09-30,P06,Katewadi,2.46,0.3,2.46,2.16
2024-10-01,P06,Katewadi,3.08,0.9,3.08,2.18
2024-10-02,P06,Katewadi,4.05,14.7,4.05,-10.649999999999999
2024-10-03,P06,Katewadi,1.72,0.7,1.72,1.02
2024-10-04,P06,Katewadi,0.11,0.4,0.11,-0.29000000000000004
2024-10-05,P06,Katewadi,0.0,0.0,0.0,0.0
2024-10-06,P06,Katewadi,1.6,0.5,1.6,1.1
2024-10-07,P06,Katewadi,0.07,1.3,0.07,-1.23
2024-10-08,P06,Katewadi,1.04,0.1,1.04,0.9400000000000001
2024-10-09,P06,Katewadi,1.67,3.1,1.67,-1.4300000000000002
2024-10-10,P06,Katewadi,4.19,13.8,4.19,-9.61
2024-10-11,P06,Katewadi,4.17,7.5,4.17,-3.33
2024-10-12,P06,Katewadi,0.83,4.9,0.83,-4.07
2024-10-13,P06,Katewadi,1.29,2.1,1.29,-0.81
2024-10-14,P06,Katewadi,5.87,1.7,5.87,4.17
2024-10-15,P06,Katewadi,14.8,8.5,14.8,6.300000000000001
2024-10-16,P06,Katewadi,10.61,10.6,10.61,0.009999999999999787
2024-10-17,P06,Katewadi,3.56,23.5,3.56,-19.94
2024-10-18,P06,Katewadi,3.34,5.2,3.34,-1.8600000000000003
2024-10-19,P06,Katewadi,1.68,20.7,1.68,-19.02
2024-10-20,P06,Katewadi,14.08,15.8,14.08,-1.7200000000000006
2024-10-21,P06,Katewadi,6.07,5.9,6.07,0.16999999999999993
2024-10-22,P06,Katewadi,3.61,2.9,3.61,0.71
2024-10-23,P06,Katewadi,0.83,0.6,0.83,0.22999999999999998
2024-10-24,P06,Katewadi,0.01,0.0,0.01,0.01
2024-10-25,P06,Katewadi,0.0,0.0,0.0,0.0
2024-10-26,P06,Katewadi,0.0,0.0,0.0,0.0
2024-10-27,P06,Katewadi,0.0,0.0,0.0,0.0
2024-10-28,P06,Katewadi,0.0,0.0,0.0,0.0
2024-10-29,P06,Katewadi,0.13,0.0,0.13,0.13
2024-10-30,P06,Katewadi,0.06,0.0,0.06,0.06
2024-10-31,P06,Katewadi,0.19,2.2,0.19,-2.0100000000000002
2024-11-01,P06,Katewadi,0.51,0.2,0.51,0.31
2024-11-02,P06,Katewadi,0.01,0.0,0.01,0.01
2024-11-03,P06,Katewadi,0.0,0.0,0.0,0.0
2024-11-04,P06,Katewadi,0.0,0.0,0.0,0.0
2024-11-05,P06,Katewadi,0.0,0.0,0.0,0.0
2024-11-06,P06,Katewadi,0.0,0.0,0.0,0.0
2024-11-07,P06,Katewadi,0.0,0.0,0.0,0.0
2024-11-08,P06,Katewadi,0.0,0.0,0.0,0.0
2024-11-09,P06,Katewadi,0.0,0.0,0.0,0.0
2024-11-10,P06,Katewadi,0.0,0.0,0.0,0.0
2024-11-11,P06,Katewadi,0.0,0.0,0.0,0.0
2024-11-12,P06,Katewadi,0.0,0.0,0.0,0.0
2024-11-13,P06,Katewadi,0.0,0.0,0.0,0.0
2024-11-14,P06,Katewadi,0.01,0.4,0.01,-0.39
2024-11-15,P06,Katewadi,4.15,0.9,4.15,3.2500000000000004
2024-11-16,P06,Katewadi,1.38,0.0,1.38,1.38
2024-11-17,P06,Katewadi,0.0,0.0,0.0,0.0
2024-11-18,P06,Katewadi,0.0,0.0,0.0,0.0
2024-11-19,P06,Katewadi,0.0,0.0,0.0,0.0
2024-11-20,P06,Katewadi,0.0,0.0,0.0,0.0
2024-11-21,P06,Katewadi,0.0,0.0,0.0,0.0
2024-11-22,P06,Katewadi,0.0,0.0,0.0,0.0
2024-11-23,P06,Katewadi,0.0,0.0,0.0,0.0
2024-11-24,P06,Katewadi,0.0,0.0,0.0,0.0
2024-11-25,P06,Katewadi,0.0,0.0,0.0,0.0
2024-11-26,P06,Katewadi,0.0,0.0,0.0,0.0
2024-11-27,P06,Katewadi,0.0,0.0,0.0,0.0
2024-11-28,P06,Katewadi,0.0,0.0,0.0,0.0
2024-11-29,P06,Katewadi,0.0,0.0,0.0,0.0
2024-11-30,P06,Katewadi,0.0,0.0,0.0,0.0
2024-12-01,P06,Katewadi,0.0,0.0,0.0,0.0
2024-12-02,P06,Katewadi,0.0,0.8,0.0,-0.8
2024-12-03,P06,Katewadi,0.02,3.1,0.02,-3.08
2024-12-04,P06,Katewadi,0.0,0.8,0.0,-0.8
2024-12-05,P06,Katewadi,0.3,0.0,0.3,0.3
2024-12-06,P06,Katewadi,0.24,1.1,0.24,-0.8600000000000001
2024-12-07,P06,Katewadi,0.03,0.2,0.03,-0.17
2024-12-08,P06,Katewadi,0.0,0.0,0.0,0.0
2024-12-09,P06,Katewadi,0.0,0.0,0.0,0.0
2024-12-10,P06,Katewadi,0.0,0.0,0.0,0.0
2024-12-11,P06,Katewadi,0.0,0.0,0.0,0.0
2024-12-12,P06,Katewadi,0.0,0.0,0.0,0.0
2024-12-13,P06,Katewadi,0.0,0.0,0.0,0.0
2024-12-14,P06,Katewadi,0.0,0.0,0.0,0.0
2024-12-15,P06,Katewadi,0.0,0.0,0.0,0.0
2024-12-16,P06,Katewadi,0.0,0.0,0.0,0.0
2024-12-17,P06,Katewadi,0.0,0.0,0.0,0.0
2024-12-18,P06,Katewadi,0.0,0.0,0.0,0.0
2024-12-19,P06,Katewadi,0.0,0.0,0.0,0.0
2024-12-20,P06,Katewadi,0.0,0.0,0.0,0.0
2024-12-21,P06,Katewadi,0.0,0.0,0.0,0.0
2024-12-22,P06,Katewadi,0.0,0.0,0.0,0.0
2024-12-23,P06,Katewadi,0.0,0.0,0.0,0.0
2024-12-24,P06,Katewadi,0.0,0.1,0.0,-0.1
2024-12-25,P06,Katewadi,0.0,0.0,0.0,0.0
2024-12-26,P06,Katewadi,0.0,1.3,0.0,-1.3
2024-12-27,P06,Katewadi,0.0,2.6,0.0,-2.6
2024-12-28,P06,Katewadi,0.49,0.0,0.49,0.49
2024-12-29,P06,Katewadi,0.25,0.0,0.25,0.25
2024-12-30,P06,Katewadi,0.0,0.0,0.0,0.0
2024-12-31,P06,Katewadi,0.0,0.0,0.0,0.0
2024-09-01,P07,Katphal,5.62,35.7,5.62,-30.080000000000002
2024-09-02,P07,Katphal,7.57,35.5,7.57,-27.93
2024-09-03,P07,Katphal,5.61,8.1,5.61,-2.4899999999999993
2024-09-04,P07,Katphal,11.61,2.1,11.61,9.51
2024-09-05,P07,Katphal,10.56,9.8,10.56,0.7599999999999998
2024-09-06,P07,Katphal,4.49,1.1,4.49,3.39
2024-09-07,P07,Katphal,3.12,1.2,3.12,1.9200000000000002
2024-09-08,P07,Katphal,2.27,4.0,2.27,-1.73
2024-09-09,P07,Katphal,2.77,6.1,2.77,-3.3299999999999996
2024-09-10,P07,Katphal,3.33,1.4,3.33,1.9300000000000002
2024-09-11,P07,Katphal,4.98,3.1,4.98,1.8800000000000003
2024-09-12,P07,Katphal,2.23,0.6,2.23,1.63
2024-09-13,P07,Katphal,0.64,0.4,0.64,0.24
2024-09-14,P07,Katphal,2.23,0.9,2.23,1.33
2024-09-15,P07,Katphal,2.66,6.3,2.66,-3.6399999999999997
2024-09-16,P07,Katphal,0.47,0.0,0.47,0.47
2024-09-17,P07,Katphal,0.45,0.6,0.45,-0.14999999999999997
2024-09-18,P07,Katphal,0.13,0.0,0.13,0.13
2024-09-19,P07,Katphal,0.0,0.5,0.0,-0.5
2024-09-20,P07,Katphal,1.3,4.7,1.3,-3.4000000000000004
2024-09-21,P07,Katphal,10.39,4.9,10.39,5.49
2024-09-22,P07,Katphal,9.85,12.1,9.85,-2.25
2024-09-23,P07,Katphal,9.62,31.8,9.62,-22.18
2024-09-24,P07,Katphal,19.37,20.6,19.37,-1.2300000000000004
2024-09-25,P07,Katphal,85.5,30.3,85.5,55.2
2024-09-26,P07,Katphal,18.65,22.6,18.65,-3.950000000000003
2024-09-27,P07,Katphal,5.71,0.8,5.71,4.91
2024-09-28,P07,Katphal,2.31,0.8,2.31,1.51
2024-09-29,P07,Katphal,0.26,0.2,0.26,0.06
2024-09-30,P07,Katphal,2.46,0.3,2.46,2.16
2024-10-01,P07,Katphal,3.08,0.2,3.08,2.88
2024-10-02,P07,Katphal,4.05,4.9,4.05,-0.8500000000000005
2024-10-03,P07,Katphal,1.72,0.5,1.72,1.22
2024-10-04,P07,Katphal,0.11,0.4,0.11,-0.29000000000000004
2024-10-05,P07,Katphal,0.0,0.0,0.0,0.0
2024-10-06,P07,Katphal,1.6,2.1,1.6,-0.5
2024-10-07,P07,Katphal,0.07,0.8,0.07,-0.73
2024-10-08,P07,Katphal,1.04,0.0,1.04,1.04
2024-10-09,P07,Katphal,1.67,3.6,1.67,-1.9300000000000002
2024-10-10,P07,Katphal,4.19,7.6,4.19,-3.4099999999999993
2024-10-11,P07,Katphal,4.17,11.2,4.17,-7.029999999999999
2024-10-12,P07,Katphal,0.83,3.0,0.83,-2.17
2024-10-13,P07,Katphal,1.29,7.9,1.29,-6.61
2024-10-14,P07,Katphal,5.87,1.6,5.87,4.27
2024-10-15,P07,Katphal,14.8,11.1,14.8,3.700000000000001
2024-10-16,P07,Katphal,10.61,11.4,10.61,-0.7900000000000009
2024-10-17,P07,Katphal,3.56,32.3,3.56,-28.74
2024-10-18,P07,Katphal,3.34,9.9,3.34,-6.5600000000000005
2024-10-19,P07,Katphal,1.68,23.5,1.68,-21.82
2024-10-20,P07,Katphal,14.08,11.5,14.08,2.58
2024-10-21,P07,Katphal,6.07,4.7,6.07,1.37
2024-10-22,P07,Katphal,3.61,0.4,3.61,3.21
2024-10-23,P07,Katphal,0.83,0.0,0.83,0.83
2024-10-24,P07,Katphal,0.01,0.1,0.01,-0.09000000000000001
2024-10-25,P07,Katphal,0.0,0.0,0.0,0.0
2024-10-26,P07,Katphal,0.0,0.0,0.0,0.0
2024-10-27,P07,Katphal,0.0,0.0,0.0,0.0
2024-10-28,P07,Katphal,0.0,0.0,0.0,0.0
2024-10-29,P07,Katphal,0.13,0.0,0.13,0.13
2024-10-30,P07,Katphal,0.06,0.2,0.06,-0.14
2024-10-31,P07,Katphal,0.19,3.1,0.19,-2.91
2024-11-01,P07,Katphal,0.51,0.4,0.51,0.10999999999999999
2024-11-02,P07,Katphal,0.01,0.0,0.01,0.01
2024-11-03,P07,Katphal,0.0,0.0,0.0,0.0
2024-11-04,P07,Katphal,0.0,0.0,0.0,0.0
2024-11-05,P07,Katphal,0.0,0.0,0.0,0.0
2024-11-06,P07,Katphal,0.0,0.0,0.0,0.0
2024-11-07,P07,Katphal,0.0,0.0,0.0,0.0
2024-11-08,P07,Katphal,0.0,0.0,0.0,0.0
2024-11-09,P07,Katphal,0.0,0.0,0.0,0.0
2024-11-10,P07,Katphal,0.0,0.0,0.0,0.0
2024-11-11,P07,Katphal,0.0,0.0,0.0,0.0
2024-11-12,P07,Katphal,0.0,0.0,0.0,0.0
2024-11-13,P07,Katphal,0.0,0.0,0.0,0.0
2024-11-14,P07,Katphal,0.01,1.4,0.01,-1.39
2024-11-15,P07,Katphal,4.15,0.2,4.15,3.95
2024-11-16,P07,Katphal,1.38,0.0,1.38,1.38
2024-11-17,P07,Katphal,0.0,0.0,0.0,0.0
2024-11-18,P07,Katphal,0.0,0.0,0.0,0.0
2024-11-19,P07,Katphal,0.0,0.0,0.0,0.0
2024-11-20,P07,Katphal,0.0,0.0,0.0,0.0
2024-11-21,P07,Katphal,0.0,0.0,0.0,0.0
2024-11-22,P07,Katphal,0.0,0.0,0.0,0.0
2024-11-23,P07,Katphal,0.0,0.0,0.0,0.0
2024-11-24,P07,Katphal,0.0,0.0,0.0,0.0
2024-11-25,P07,Katphal,0.0,0.0,0.0,0.0
2024-11-26,P07,Katphal,0.0,0.0,0.0,0.0
2024-11-27,P07,Katphal,0.0,0.0,0.0,0.0
2024-11-28,P07,Katphal,0.0,0.0,0.0,0.0
2024-11-29,P07,Katphal,0.0,0.0,0.0,0.0
2024-11-30,P07,Katphal,0.0,0.0,0.0,0.0
2024-12-01,P07,Katphal,0.0,0.0,0.0,0.0
2024-12-02,P07,Katphal,0.0,0.5,0.0,-0.5
2024-12-03,P07,Katphal,0.02,2.1,0.02,-2.08
2024-12-04,P07,Katphal,0.0,0.8,0.0,-0.8
2024-12-05,P07,Katphal,0.3,0.0,0.3,0.3
2024-12-06,P07,Katphal,0.24,0.3,0.24,-0.06
2024-12-07,P07,Katphal,0.03,0.2,0.03,-0.17
2024-12-08,P07,Katphal,0.0,0.0,0.0,0.0
2024-12-09,P07,Katphal,0.0,0.0,0.0,0.0
2024-12-10,P07,Katphal,0.0,0.0,0.0,0.0
2024-12-11,P07,Katphal,0.0,0.0,0.0,0.0
2024-12-12,P07,Katphal,0.0,0.0,0.0,0.0
2024-12-13,P07,Katphal,0.0,0.0,0.0,0.0
2024-12-14,P07,Katphal,0.0,0.0,0.0,0.0
2024-12-15,P07,Katphal,0.0,0.0,0.0,0.0
2024-12-16,P07,Katphal,0.0,0.0,0.0,0.0
2024-12-17,P07,Katphal,0.0,0.0,0.0,0.0
2024-12-18,P07,Katphal,0.0,0.0,0.0,0.0
2024-12-19,P07,Katphal,0.0,0.0,0.0,0.0
2024-12-20,P07,Katphal,0.0,0.0,0.0,0.0
2024-12-21,P07,Katphal,0.0,0.0,0.0,0.0
2024-12-22,P07,Katphal,0.0,0.0,0.0,0.0
2024-12-23,P07,Katphal,0.0,0.0,0.0,0.0
2024-12-24,P07,Katphal,0.0,0.2,0.0,-0.2
2024-12-25,P07,Katphal,0.0,0.0,0.0,0.0
2024-12-26,P07,Katphal,0.0,0.6,0.0,-0.6
2024-12-27,P07,Katphal,0.0,3.0,0.0,-3.0
2024-12-28,P07,Katphal,0.49,0.4,0.49,0.08999999999999997
2024-12-29,P07,Katphal,0.25,0.0,0.25,0.25
2024-12-30,P07,Katphal,0.0,0.0,0.0,0.0
2024-12-31,P07,Katphal,0.0,0.0,0.0,0.0
2024-09-01,P08,Khandaj,5.62,23.2,5.62,-17.58
2024-09-02,P08,Khandaj,7.57,58.5,7.57,-50.93
2024-09-03,P08,Khandaj,5.61,12.3,5.61,-6.69
2024-09-04,P08,Khandaj,11.61,1.7,11.61,9.91
2024-09-05,P08,Khandaj,10.56,4.2,10.56,6.36
2024-09-06,P08,Khandaj,4.49,0.5,4.49,3.99
2024-09-07,P08,Khandaj,3.12,1.4,3.12,1.7200000000000002
2024-09-08,P08,Khandaj,2.27,0.7,2.27,1.57
2024-09-09,P08,Khandaj,2.77,5.1,2.77,-2.3299999999999996
2024-09-10,P08,Khandaj,3.33,5.6,3.33,-2.2699999999999996
2024-09-11,P08,Khandaj,4.98,2.0,4.98,2.9800000000000004
2024-09-12,P08,Khandaj,2.23,0.9,2.23,1.33
2024-09-13,P08,Khandaj,0.64,0.7,0.64,-0.05999999999999994
2024-09-14,P08,Khandaj,2.23,0.3,2.23,1.93
2024-09-15,P08,Khandaj,2.66,3.4,2.66,-0.7399999999999998
2024-09-16,P08,Khandaj,0.47,0.6,0.47,-0.13
2024-09-17,P08,Khandaj,0.45,0.2,0.45,0.25
2024-09-18,P08,Khandaj,0.13,0.0,0.13,0.13
2024-09-19,P08,Khandaj,0.0,0.2,0.0,-0.2
2024-09-20,P08,Khandaj,1.3,5.0,1.3,-3.7
2024-09-21,P08,Khandaj,10.39,20.9,10.39,-10.509999999999998
2024-09-22,P08,Khandaj,9.85,5.9,9.85,3.9499999999999993
2024-09-23,P08,Khandaj,9.62,31.7,9.62,-22.08
2024-09-24,P08,Khandaj,19.37,21.4,19.37,-2.0299999999999976
2024-09-25,P08,Khandaj,85.5,27.8,85.5,57.7
2024-09-26,P08,Khandaj,18.65,30.9,18.65,-12.25
2024-09-27,P08,Khandaj,5.71,0.6,5.71,5.11
2024-09-28,P08,Khandaj,2.31,0.8,2.31,1.51
2024-09-29,P08,Khandaj,0.26,0.0,0.26,0.26
2024-09-30,P08,Khandaj,2.46,0.1,2.46,2.36
2024-10-01,P08,Khandaj,3.08,0.0,3.08,3.08
2024-10-02,P08,Khandaj,4.05,8.3,4.05,-4.250000000000001
2024-10-03,P08,Khandaj,1.72,1.0,1.72,0.72
2024-10-04,P08,Khandaj,0.11,0.0,0.11,0.11
2024-10-05,P08,Khandaj,0.0,0.0,0.0,0.0
2024-10-06,P08,Khandaj,1.6,0.9,1.6,0.7000000000000001
2024-10-07,P08,Khandaj,0.07,0.3,0.07,-0.22999999999999998
2024-10-08,P08,Khandaj,1.04,0.2,1.04,0.8400000000000001
2024-10-09,P08,Khandaj,1.67,4.3,1.67,-2.63
2024-10-10,P08,Khandaj,4.19,11.8,4.19,-7.61
2024-10-11,P08,Khandaj,4.17,9.5,4.17,-5.33
2024-10-12,P08,Khandaj,0.83,7.8,0.83,-6.97
2024-10-13,P08,Khandaj,1.29,5.4,1.29,-4.11
2024-10-14,P08,Khandaj,5.87,1.7,5.87,4.17
2024-10-15,P08,Khandaj,14.8,14.5,14.8,0.3000000000000007
2024-10-16,P08,Khandaj,10.61,11.4,10.61,-0.7900000000000009
2024-10-17,P08,Khandaj,3.56,21.2,3.56,-17.64
2024-10-18,P08,Khandaj,3.34,6.7,3.34,-3.3600000000000003
2024-10-19,P08,Khandaj,1.68,17.4,1.68,-15.719999999999999
2024-10-20,P08,Khandaj,14.08,6.2,14.08,7.88
2024-10-21,P08,Khandaj,6.07,8.7,6.07,-2.629999999999999
2024-10-22,P08,Khandaj,3.61,4.2,3.61,-0.5900000000000003
2024-10-23,P08,Khandaj,0.83,0.4,0.83,0.42999999999999994
2024-10-24,P08,Khandaj,0.01,0.0,0.01,0.01
2024-10-25,P08,Khandaj,0.0,0.0,0.0,0.0
2024-10-26,P08,Khandaj,0.0,0.0,0.0,0.0
2024-10-27,P08,Khandaj,0.0,0.0,0.0,0.0
2024-10-28,P08,Khandaj,0.0,0.0,0.0,0.0
2024-10-29,P08,Khandaj,0.13,0.0,0.13,0.13
2024-10-30,P08,Khandaj,0.06,0.1,0.06,-0.04000000000000001
2024-10-31,P08,Khandaj,0.19,0.1,0.19,0.09
2024-11-01,P08,Khandaj,0.51,2.0,0.51,-1.49
2024-11-02,P08,Khandaj,0.01,0.0,0.01,0.01
2024-11-03,P08,Khandaj,0.0,0.0,0.0,0.0
2024-11-04,P08,Khandaj,0.0,0.0,0.0,0.0
2024-11-05,P08,Khandaj,0.0,0.0,0.0,0.0
2024-11-06,P08,Khandaj,0.0,0.0,0.0,0.0
2024-11-07,P08,Khandaj,0.0,0.0,0.0,0.0
2024-11-08,P08,Khandaj,0.0,0.0,0.0,0.0
2024-11-09,P08,Khandaj,0.0,0.0,0.0,0.0
2024-11-10,P08,Khandaj,0.0,0.0,0.0,0.0
2024-11-11,P08,Khandaj,0.0,0.0,0.0,0.0
2024-11-12,P08,Khandaj,0.0,0.0,0.0,0.0
2024-11-13,P08,Khandaj,0.0,0.0,0.0,0.0
2024-11-14,P08,Khandaj,0.01,0.5,0.01,-0.49
2024-11-15,P08,Khandaj,4.15,1.0,4.15,3.1500000000000004
2024-11-16,P08,Khandaj,1.38,0.0,1.38,1.38
2024-11-17,P08,Khandaj,0.0,0.0,0.0,0.0
2024-11-18,P08,Khandaj,0.0,0.0,0.0,0.0
2024-11-19,P08,Khandaj,0.0,0.0,0.0,0.0
2024-11-20,P08,Khandaj,0.0,0.0,0.0,0.0
2024-11-21,P08,Khandaj,0.0,0.0,0.0,0.0
2024-11-22,P08,Khandaj,0.0,0.0,0.0,0.0
2024-11-23,P08,Khandaj,0.0,0.0,0.0,0.0
2024-11-24,P08,Khandaj,0.0,0.0,0.0,0.0
2024-11-25,P08,Khandaj,0.0,0.0,0.0,0.0
2024-11-26,P08,Khandaj,0.0,0.0,0.0,0.0
2024-11-27,P08,Khandaj,0.0,0.0,0.0,0.0
2024-11-28,P08,Khandaj,0.0,0.0,0.0,0.0
2024-11-29,P08,Khandaj,0.0,0.0,0.0,0.0
2024-11-30,P08,Khandaj,0.0,0.0,0.0,0.0
2024-12-01,P08,Khandaj,0.0,0.0,0.0,0.0
2024-12-02,P08,Khandaj,0.0,0.8,0.0,-0.8
2024-12-03,P08,Khandaj,0.02,2.3,0.02,-2.28
2024-12-04,P08,Khandaj,0.0,0.7,0.0,-0.7
2024-12-05,P08,Khandaj,0.3,0.0,0.3,0.3
2024-12-06,P08,Khandaj,0.24,1.1,0.24,-0.8600000000000001
2024-12-07,P08,Khandaj,0.03,0.0,0.03,0.03
2024-12-08,P08,Khandaj,0.0,0.0,0.0,0.0
2024-12-09,P08,Khandaj,0.0,0.0,0.0,0.0
2024-12-10,P08,Khandaj,0.0,0.0,0.0,0.0
2024-12-11,P08,Khandaj,0.0,0.0,0.0,0.0
2024-12-12,P08,Khandaj,0.0,0.0,0.0,0.0
2024-12-13,P08,Khandaj,0.0,0.0,0.0,0.0
2024-12-14,P08,Khandaj,0.0,0.0,0.0,0.0
2024-12-15,P08,Khandaj,0.0,0.0,0.0,0.0
2024-12-16,P08,Khandaj,0.0,0.0,0.0,0.0
2024-12-17,P08,Khandaj,0.0,0.0,0.0,0.0
2024-12-18,P08,Khandaj,0.0,0.0,0.0,0.0
2024-12-19,P08,Khandaj,0.0,0.0,0.0,0.0
2024-12-20,P08,Khandaj,0.0,0.0,0.0,0.0
2024-12-21,P08,Khandaj,0.0,0.0,0.0,0.0
2024-12-22,P08,Khandaj,0.0,0.0,0.0,0.0
2024-12-23,P08,Khandaj,0.0,0.0,0.0,0.0
2024-12-24,P08,Khandaj,0.0,0.0,0.0,0.0
2024-12-25,P08,Khandaj,0.0,0.0,0.0,0.0
2024-12-26,P08,Khandaj,0.0,0.3,0.0,-0.3
2024-12-27,P08,Khandaj,0.0,2.3,0.0,-2.3
2024-12-28,P08,Khandaj,0.49,0.4,0.49,0.08999999999999997
2024-12-29,P08,Khandaj,0.25,0.1,0.25,0.15
2024-12-30,P08,Khandaj,0.0,0.0,0.0,0.0
2024-12-31,P08,Khandaj,0.0,0.0,0.0,0.0
2024-09-01,P09,Korhale Bk,5.62,19.2,5.62,-13.579999999999998
2024-09-02,P09,Korhale Bk,7.57,56.7,7.57,-49.13
2024-09-03,P09,Korhale Bk,5.61,8.8,5.61,-3.1900000000000004
2024-09-04,P09,Korhale Bk,11.61,1.5,11.61,10.11
2024-09-05,P09,Korhale Bk,10.56,7.2,10.56,3.3600000000000003
2024-09-06,P09,Korhale Bk,4.49,0.6,4.49,3.89
2024-09-07,P09,Korhale Bk,3.12,0.9,3.12,2.22
2024-09-08,P09,Korhale Bk,2.27,0.8,2.27,1.47
2024-09-09,P09,Korhale Bk,2.77,5.0,2.77,-2.23
2024-09-10,P09,Korhale Bk,3.33,12.1,3.33,-8.77
2024-09-11,P09,Korhale Bk,4.98,1.3,4.98,3.6800000000000006
2024-09-12,P09,Korhale Bk,2.23,0.8,2.23,1.43
2024-09-13,P09,Korhale Bk,0.64,0.5,0.64,0.14
2024-09-14,P09,Korhale Bk,2.23,0.4,2.23,1.83
2024-09-15,P09,Korhale Bk,2.66,2.8,2.66,-0.13999999999999968
2024-09-16,P09,Korhale Bk,0.47,0.7,0.47,-0.22999999999999998
2024-09-17,P09,Korhale Bk,0.45,0.1,0.45,0.35
2024-09-18,P09,Korhale Bk,0.13,0.0,0.13,0.13
2024-09-19,P09,Korhale Bk,0.0,0.1,0.0,-0.1
2024-09-20,P09,Korhale Bk,1.3,11.4,1.3,-10.1
2024-09-21,P09,Korhale Bk,10.39,20.1,10.39,-9.71
2024-09-22,P09,Korhale Bk,9.85,3.7,9.85,6.1499999999999995
2024-09-23,P09,Korhale Bk,9.62,31.5,9.62,-21.880000000000003
2024-09-24,P09,Korhale Bk,19.37,17.3,19.37,2.0700000000000003
2024-09-25,P09,Korhale Bk,85.5,22.3,85.5,63.2
2024-09-26,P09,Korhale Bk,18.65,29.6,18.65,-10.950000000000003
2024-09-27,P09,Korhale Bk,5.71,0.5,5.71,5.21
2024-09-28,P09,Korhale Bk,2.31,1.2,2.31,1.11
2024-09-29,P09,Korhale Bk,0.26,0.1,0.26,0.16
2024-09-30,P09,Korhale Bk,2.46,0.0,2.46,2.46
2024-10-01,P09,Korhale Bk,3.08,0.1,3.08,2.98
2024-10-02,P09,Korhale Bk,4.05,10.6,4.05,-6.55
2024-10-03,P09,Korhale Bk,1.72,0.5,1.72,1.22
2024-10-04,P09,Korhale Bk,0.11,0.0,0.11,0.11
2024-10-05,P09,Korhale Bk,0.0,0.0,0.0,0.0
2024-10-06,P09,Korhale Bk,1.6,0.8,1.6,0.8
2024-10-07,P09,Korhale Bk,0.07,0.2,0.07,-0.13
2024-10-08,P09,Korhale Bk,1.04,0.5,1.04,0.54
2024-10-09,P09,Korhale Bk,1.67,6.0,1.67,-4.33
2024-10-10,P09,Korhale Bk,4.19,14.5,4.19,-10.309999999999999
2024-10-11,P09,Korhale Bk,4.17,13.5,4.17,-9.33
2024-10-12,P09,Korhale Bk,0.83,5.1,0.83,-4.27
2024-10-13,P09,Korhale Bk,1.29,4.5,1.29,-3.21
2024-10-14,P09,Korhale Bk,5.87,3.9,5.87,1.9700000000000002
2024-10-15,P09,Korhale Bk,14.8,8.6,14.8,6.200000000000001
2024-10-16,P09,Korhale Bk,10.61,11.8,10.61,-1.1900000000000013
2024-10-17,P09,Korhale Bk,3.56,17.7,3.56,-14.139999999999999
2024-10-18,P09,Korhale Bk,3.34,8.5,3.34,-5.16
2024-10-19,P09,Korhale Bk,1.68,7.9,1.68,-6.220000000000001
2024-10-20,P09,Korhale Bk,14.08,4.3,14.08,9.780000000000001
2024-10-21,P09,Korhale Bk,6.07,9.2,6.07,-3.129999999999999
2024-10-22,P09,Korhale Bk,3.61,3.2,3.61,0.4099999999999997
2024-10-23,P09,Korhale Bk,0.83,0.3,0.83,0.53
2024-10-24,P09,Korhale Bk,0.01,0.0,0.01,0.01
2024-10-25,P09,Korhale Bk,0.0,0.0,0.0,0.0
2024-10-26,P09,Korhale Bk,0.0,0.0,0.0,0.0
2024-10-27,P09,Korhale Bk,0.0,0.0,0.0,0.0
2024-10-28,P09,Korhale Bk,0.0,0.0,0.0,0.0
2024-10-29,P09,Korhale Bk,0.13,0.0,0.13,0.13
2024-10-30,P09,Korhale Bk,0.06,0.1,0.06,-0.04000000000000001
2024-10-31,P09,Korhale Bk,0.19,0.2,0.19,-0.010000000000000009
2024-11-01,P09,Korhale Bk,0.51,1.2,0.51,-0.69
2024-11-02,P09,Korhale Bk,0.01,0.0,0.01,0.01
2024-11-03,P09,Korhale Bk,0.0,0.0,0.0,0.0
2024-11-04,P09,Korhale Bk,0.0,0.0,0.0,0.0
2024-11-05,P09,Korhale Bk,0.0,0.0,0.0,0.0
2024-11-06,P09,Korhale Bk,0.0,0.0,0.0,0.0
2024-11-07,P09,Korhale Bk,0.0,0.0,0.0,0.0
2024-11-08,P09,Korhale Bk,0.0,0.0,0.0,0.0
2024-11-09,P09,Korhale Bk,0.0,0.0,0.0,0.0
2024-11-10,P09,Korhale Bk,0.0,0.0,0.0,0.0
2024-11-11,P09,Korhale Bk,0.0,0.0,0.0,0.0
2024-11-12,P09,Korhale Bk,0.0,0.0,0.0,0.0
2024-11-13,P09,Korhale Bk,0.0,0.0,0.0,0.0
2024-11-14,P09,Korhale Bk,0.01,1.3,0.01,-1.29
2024-11-15,P09,Korhale Bk,4.15,0.3,4.15,3.8500000000000005
2024-11-16,P09,Korhale Bk,1.38,0.0,1.38,1.38
2024-11-17,P09,Korhale Bk,0.0,0.0,0.0,0.0
2024-11-18,P09,Korhale Bk,0.0,0.0,0.0,0.0
2024-11-19,P09,Korhale Bk,0.0,0.0,0.0,0.0
2024-11-20,P09,Korhale Bk,0.0,0.0,0.0,0.0
2024-11-21,P09,Korhale Bk,0.0,0.0,0.0,0.0
2024-11-22,P09,Korhale Bk,0.0,0.0,0.0,0.0
2024-11-23,P09,Korhale Bk,0.0,0.0,0.0,0.0
2024-11-24,P09,Korhale Bk,0.0,0.0,0.0,0.0
2024-11-25,P09,Korhale Bk,0.0,0.0,0.0,0.0
2024-11-26,P09,Korhale Bk,0.0,0.0,0.0,0.0
2024-11-27,P09,Korhale Bk,0.0,0.0,0.0,0.0
2024-11-28,P09,Korhale Bk,0.0,0.0,0.0,0.0
2024-11-29,P09,Korhale Bk,0.0,0.0,0.0,0.0
2024-11-30,P09,Korhale Bk,0.0,0.0,0.0,0.0
2024-12-01,P09,Korhale Bk,0.0,0.0,0.0,0.0
2024-12-02,P09,Korhale Bk,0.0,1.6,0.0,-1.6
2024-12-03,P09,Korhale Bk,0.02,1.7,0.02,-1.68
2024-12-04,P09,Korhale Bk,0.0,0.5,0.0,-0.5
2024-12-05,P09,Korhale Bk,0.3,0.3,0.3,0.0
2024-12-06,P09,Korhale Bk,0.24,0.1,0.24,0.13999999999999999
2024-12-07,P09,Korhale Bk,0.03,0.0,0.03,0.03
2024-12-08,P09,Korhale Bk,0.0,0.0,0.0,0.0
2024-12-09,P09,Korhale Bk,0.0,0.0,0.0,0.0
2024-12-10,P09,Korhale Bk,0.0,0.0,0.0,0.0
2024-12-11,P09,Korhale Bk,0.0,0.0,0.0,0.0
2024-12-12,P09,Korhale Bk,0.0,0.0,0.0,0.0
2024-12-13,P09,Korhale Bk,0.0,0.0,0.0,0.0
2024-12-14,P09,Korhale Bk,0.0,0.0,0.0,0.0
2024-12-15,P09,Korhale Bk,0.0,0.0,0.0,0.0
2024-12-16,P09,Korhale Bk,0.0,0.0,0.0,0.0
2024-12-17,P09,Korhale Bk,0.0,0.0,0.0,0.0
2024-12-18,P09,Korhale Bk,0.0,0.0,0.0,0.0
2024-12-19,P09,Korhale Bk,0.0,0.0,0.0,0.0
2024-12-20,P09,Korhale Bk,0.0,0.0,0.0,0.0
2024-12-21,P09,Korhale Bk,0.0,0.0,0.0,0.0
2024-12-22,P09,Korhale Bk,0.0,0.0,0.0,0.0
2024-12-23,P09,Korhale Bk,0.0,0.0,0.0,0.0
2024-12-24,P09,Korhale Bk,0.0,0.0,0.0,0.0
2024-12-25,P09,Korhale Bk,0.0,0.0,0.0,0.0
2024-12-26,P09,Korhale Bk,0.0,0.6,0.0,-0.6
2024-12-27,P09,Korhale Bk,0.0,2.3,0.0,-2.3
2024-12-28,P09,Korhale Bk,0.49,0.8,0.49,-0.31000000000000005
2024-12-29,P09,Korhale Bk,0.25,0.4,0.25,-0.15000000000000002
2024-12-30,P09,Korhale Bk,0.0,0.0,0.0,0.0
2024-12-31,P09,Korhale Bk,0.0,0.0,0.0,0.0
2024-09-01,P10,Malegaon Bk,5.62,23.2,5.62,-17.58
2024-09-02,P10,Malegaon Bk,7.57,58.5,7.57,-50.93
2024-09-03,P10,Malegaon Bk,5.61,12.3,5.61,-6.69
2024-09-04,P10,Malegaon Bk,11.61,1.7,11.61,9.91
2024-09-05,P10,Malegaon Bk,10.56,4.2,10.56,6.36
2024-09-06,P10,Malegaon Bk,4.49,0.5,4.49,3.99
2024-09-07,P10,Malegaon Bk,3.12,1.4,3.12,1.7200000000000002
2024-09-08,P10,Malegaon Bk,2.27,0.7,2.27,1.57
2024-09-09,P10,Malegaon Bk,2.77,5.1,2.77,-2.3299999999999996
2024-09-10,P10,Malegaon Bk,3.33,5.6,3.33,-2.2699999999999996
2024-09-11,P10,Malegaon Bk,4.98,2.0,4.98,2.9800000000000004
2024-09-12,P10,Malegaon Bk,2.23,0.9,2.23,1.33
2024-09-13,P10,Malegaon Bk,0.64,0.7,0.64,-0.05999999999999994
2024-09-14,P10,Malegaon Bk,2.23,0.3,2.23,1.93
2024-09-15,P10,Malegaon Bk,2.66,3.4,2.66,-0.7399999999999998
2024-09-16,P10,Malegaon Bk,0.47,0.6,0.47,-0.13
2024-09-17,P10,Malegaon Bk,0.45,0.2,0.45,0.25
2024-09-18,P10,Malegaon Bk,0.13,0.0,0.13,0.13
2024-09-19,P10,Malegaon Bk,0.0,0.2,0.0,-0.2
2024-09-20,P10,Malegaon Bk,1.3,5.0,1.3,-3.7
2024-09-21,P10,Malegaon Bk,10.39,20.9,10.39,-10.509999999999998
2024-09-22,P10,Malegaon Bk,9.85,5.9,9.85,3.9499999999999993
2024-09-23,P10,Malegaon Bk,9.62,31.7,9.62,-22.08
2024-09-24,P10,Malegaon Bk,19.37,21.4,19.37,-2.0299999999999976
2024-09-25,P10,Malegaon Bk,85.5,27.8,85.5,57.7
2024-09-26,P10,Malegaon Bk,18.65,30.9,18.65,-12.25
2024-09-27,P10,Malegaon Bk,5.71,0.6,5.71,5.11
2024-09-28,P10,Malegaon Bk,2.31,0.8,2.31,1.51
2024-09-29,P10,Malegaon Bk,0.26,0.0,0.26,0.26
2024-09-30,P10,Malegaon Bk,2.46,0.1,2.46,2.36
2024-10-01,P10,Malegaon Bk,3.08,0.0,3.08,3.08
2024-10-02,P10,Malegaon Bk,4.05,8.3,4.05,-4.250000000000001
2024-10-03,P10,Malegaon Bk,1.72,1.0,1.72,0.72
2024-10-04,P10,Malegaon Bk,0.11,0.0,0.11,0.11
2024-10-05,P10,Malegaon Bk,0.0,0.0,0.0,0.0
2024-10-06,P10,Malegaon Bk,1.6,0.9,1.6,0.7000000000000001
2024-10-07,P10,Malegaon Bk,0.07,0.3,0.07,-0.22999999999999998
2024-10-08,P10,Malegaon Bk,1.04,0.2,1.04,0.8400000000000001
2024-10-09,P10,Malegaon Bk,1.67,4.3,1.67,-2.63
2024-10-10,P10,Malegaon Bk,4.19,11.8,4.19,-7.61
2024-10-11,P10,Malegaon Bk,4.17,9.5,4.17,-5.33
2024-10-12,P10,Malegaon Bk,0.83,7.8,0.83,-6.97
2024-10-13,P10,Malegaon Bk,1.29,5.4,1.29,-4.11
2024-10-14,P10,Malegaon Bk,5.87,1.7,5.87,4.17
2024-10-15,P10,Malegaon Bk,14.8,14.5,14.8,0.3000000000000007
2024-10-16,P10,Malegaon Bk,10.61,11.4,10.61,-0.7900000000000009
2024-10-17,P10,Malegaon Bk,3.56,21.2,3.56,-17.64
2024-10-18,P10,Malegaon Bk,3.34,6.7,3.34,-3.3600000000000003
2024-10-19,P10,Malegaon Bk,1.68,17.4,1.68,-15.719999999999999
2024-10-20,P10,Malegaon Bk,14.08,6.2,14.08,7.88
2024-10-21,P10,Malegaon Bk,6.07,8.7,6.07,-2.629999999999999
2024-10-22,P10,Malegaon Bk,3.61,4.2,3.61,-0.5900000000000003
2024-10-23,P10,Malegaon Bk,0.83,0.4,0.83,0.42999999999999994
2024-10-24,P10,Malegaon Bk,0.01,0.0,0.01,0.01
2024-10-25,P10,Malegaon Bk,0.0,0.0,0.0,0.0
2024-10-26,P10,Malegaon Bk,0.0,0.0,0.0,0.0
2024-10-27,P10,Malegaon Bk,0.0,0.0,0.0,0.0
2024-10-28,P10,Malegaon Bk,0.0,0.0,0.0,0.0
2024-10-29,P10,Malegaon Bk,0.13,0.0,0.13,0.13
2024-10-30,P10,Malegaon Bk,0.06,0.1,0.06,-0.04000000000000001
2024-10-31,P10,Malegaon Bk,0.19,0.1,0.19,0.09
2024-11-01,P10,Malegaon Bk,0.51,2.0,0.51,-1.49
2024-11-02,P10,Malegaon Bk,0.01,0.0,0.01,0.01
2024-11-03,P10,Malegaon Bk,0.0,0.0,0.0,0.0
2024-11-04,P10,Malegaon Bk,0.0,0.0,0.0,0.0
2024-11-05,P10,Malegaon Bk,0.0,0.0,0.0,0.0
2024-11-06,P10,Malegaon Bk,0.0,0.0,0.0,0.0
2024-11-07,P10,Malegaon Bk,0.0,0.0,0.0,0.0
2024-11-08,P10,Malegaon Bk,0.0,0.0,0.0,0.0
2024-11-09,P10,Malegaon Bk,0.0,0.0,0.0,0.0
2024-11-10,P10,Malegaon Bk,0.0,0.0,0.0,0.0
2024-11-11,P10,Malegaon Bk,0.0,0.0,0.0,0.0
2024-11-12,P10,Malegaon Bk,0.0,0.0,0.0,0.0
2024-11-13,P10,Malegaon Bk,0.0,0.0,0.0,0.0
2024-11-14,P10,Malegaon Bk,0.01,0.5,0.01,-0.49
2024-11-15,P10,Malegaon Bk,4.15,1.0,4.15,3.1500000000000004
2024-11-16,P10,Malegaon Bk,1.38,0.0,1.38,1.38
2024-11-17,P10,Malegaon Bk,0.0,0.0,0.0,0.0
2024-11-18,P10,Malegaon Bk,0.0,0.0,0.0,0.0
2024-11-19,P10,Malegaon Bk,0.0,0.0,0.0,0.0
2024-11-20,P10,Malegaon Bk,0.0,0.0,0.0,0.0
2024-11-21,P10,Malegaon Bk,0.0,0.0,0.0,0.0
2024-11-22,P10,Malegaon Bk,0.0,0.0,0.0,0.0
2024-11-23,P10,Malegaon Bk,0.0,0.0,0.0,0.0
2024-11-24,P10,Malegaon Bk,0.0,0.0,0.0,0.0
2024-11-25,P10,Malegaon Bk,0.0,0.0,0.0,0.0
2024-11-26,P10,Malegaon Bk,0.0,0.0,0.0,0.0
2024-11-27,P10,Malegaon Bk,0.0,0.0,0.0,0.0
2024-11-28,P10,Malegaon Bk,0.0,0.0,0.0,0.0
2024-11-29,P10,Malegaon Bk,0.0,0.0,0.0,0.0
2024-11-30,P10,Malegaon Bk,0.0,0.0,0.0,0.0
2024-12-01,P10,Malegaon Bk,0.0,0.0,0.0,0.0
2024-12-02,P10,Malegaon Bk,0.0,0.8,0.0,-0.8
2024-12-03,P10,Malegaon Bk,0.02,2.3,0.02,-2.28
2024-12-04,P10,Malegaon Bk,0.0,0.7,0.0,-0.7
2024-12-05,P10,Malegaon Bk,0.3,0.0,0.3,0.3
2024-12-06,P10,Malegaon Bk,0.24,1.1,0.24,-0.8600000000000001
2024-12-07,P10,Malegaon Bk,0.03,0.0,0.03,0.03
2024-12-08,P10,Malegaon Bk,0.0,0.0,0.0,0.0
2024-12-09,P10,Malegaon Bk,0.0,0.0,0.0,0.0
2024-12-10,P10,Malegaon Bk,0.0,0.0,0.0,0.0
2024-12-11,P10,Malegaon Bk,0.0,0.0,0.0,0.0
2024-12-12,P10,Malegaon Bk,0.0,0.0,0.0,0.0
2024-12-13,P10,Malegaon Bk,0.0,0.0,0.0,0.0
2024-12-14,P10,Malegaon Bk,0.0,0.0,0.0,0.0
2024-12-15,P10,Malegaon Bk,0.0,0.0,0.0,0.0
2024-12-16,P10,Malegaon Bk,0.0,0.0,0.0,0.0
2024-12-17,P10,Malegaon Bk,0.0,0.0,0.0,0.0
2024-12-18,P10,Malegaon Bk,0.0,0.0,0.0,0.0
2024-12-19,P10,Malegaon Bk,0.0,0.0,0.0,0.0
2024-12-20,P10,Malegaon Bk,0.0,0.0,0.0,0.0
2024-12-21,P10,Malegaon Bk,0.0,0.0,0.0,0.0
2024-12-22,P10,Malegaon Bk,0.0,0.0,0.0,0.0
2024-12-23,P10,Malegaon Bk,0.0,0.0,0.0,0.0
2024-12-24,P10,Malegaon Bk,0.0,0.0,0.0,0.0
2024-12-25,P10,Malegaon Bk,0.0,0.0,0.0,0.0
2024-12-26,P10,Malegaon Bk,0.0,0.3,0.0,-0.3
2024-12-27,P10,Malegaon Bk,0.0,2.3,0.0,-2.3
2024-12-28,P10,Malegaon Bk,0.49,0.4,0.49,0.08999999999999997
2024-12-29,P10,Malegaon Bk,0.25,0.1,0.25,0.15
2024-12-30,P10,Malegaon Bk,0.0,0.0,0.0,0.0
2024-12-31,P10,Malegaon Bk,0.0,0.0,0.0,0.0
2024-09-01,P11,Rui,5.62,40.7,5.62,-35.080000000000005
2024-09-02,P11,Rui,7.57,37.7,7.57,-30.130000000000003
2024-09-03,P11,Rui,5.61,7.4,5.61,-1.79
2024-09-04,P11,Rui,11.61,1.1,11.61,10.51
2024-09-05,P11,Rui,10.56,6.6,10.56,3.960000000000001
2024-09-06,P11,Rui,4.49,0.7,4.49,3.79
2024-09-07,P11,Rui,3.12,1.5,3.12,1.62
2024-09-08,P11,Rui,2.27,1.6,2.27,0.6699999999999999
2024-09-09,P11,Rui,2.77,10.5,2.77,-7.73
2024-09-10,P11,Rui,3.33,4.4,3.33,-1.0700000000000003
2024-09-11,P11,Rui,4.98,1.5,4.98,3.4800000000000004
2024-09-12,P11,Rui,2.23,0.5,2.23,1.73
2024-09-13,P11,Rui,0.64,0.3,0.64,0.34
2024-09-14,P11,Rui,2.23,0.3,2.23,1.93
2024-09-15,P11,Rui,2.66,4.1,2.66,-1.4399999999999995
2024-09-16,P11,Rui,0.47,0.0,0.47,0.47
2024-09-17,P11,Rui,0.45,0.4,0.45,0.04999999999999999
2024-09-18,P11,Rui,0.13,0.0,0.13,0.13
2024-09-19,P11,Rui,0.0,0.4,0.0,-0.4
2024-09-20,P11,Rui,1.3,2.4,1.3,-1.0999999999999999
2024-09-21,P11,Rui,10.39,3.7,10.39,6.69
2024-09-22,P11,Rui,9.85,6.8,9.85,3.05
2024-09-23,P11,Rui,9.62,31.5,9.62,-21.880000000000003
2024-09-24,P11,Rui,19.37,22.5,19.37,-3.129999999999999
2024-09-25,P11,Rui,85.5,32.3,85.5,53.2
2024-09-26,P11,Rui,18.65,22.2,18.65,-3.5500000000000007
2024-09-27,P11,Rui,5.71,0.7,5.71,5.01
2024-09-28,P11,Rui,2.31,0.6,2.31,1.71
2024-09-29,P11,Rui,0.26,0.0,0.26,0.26
2024-09-30,P11,Rui,2.46,0.4,2.46,2.06
2024-10-01,P11,Rui,3.08,0.9,3.08,2.18
2024-10-02,P11,Rui,4.05,16.5,4.05,-12.45
2024-10-03,P11,Rui,1.72,0.2,1.72,1.52
2024-10-04,P11,Rui,0.11,1.2,0.11,-1.0899999999999999
2024-10-05,P11,Rui,0.0,0.0,0.0,0.0
2024-10-06,P11,Rui,1.6,0.6,1.6,1.0
2024-10-07,P11,Rui,0.07,0.6,0.07,-0.53
2024-10-08,P11,Rui,1.04,0.6,1.04,0.44000000000000006
2024-10-09,P11,Rui,1.67,6.0,1.67,-4.33
2024-10-10,P11,Rui,4.19,11.0,4.19,-6.81
2024-10-11,P11,Rui,4.17,10.5,4.17,-6.33
2024-10-12,P11,Rui,0.83,3.3,0.83,-2.4699999999999998
2024-10-13,P11,Rui,1.29,4.6,1.29,-3.3099999999999996
2024-10-14,P11,Rui,5.87,1.5,5.87,4.37
2024-10-15,P11,Rui,14.8,5.3,14.8,9.5
2024-10-16,P11,Rui,10.61,13.5,10.61,-2.8900000000000006
2024-10-17,P11,Rui,3.56,27.5,3.56,-23.94
2024-10-18,P11,Rui,3.34,9.1,3.34,-5.76
2024-10-19,P11,Rui,1.68,18.6,1.68,-16.92
2024-10-20,P11,Rui,14.08,15.3,14.08,-1.2200000000000006
2024-10-21,P11,Rui,6.07,4.0,6.07,2.0700000000000003
2024-10-22,P11,Rui,3.61,3.4,3.61,0.20999999999999996
2024-10-23,P11,Rui,0.83,0.0,0.83,0.83
2024-10-24,P11,Rui,0.01,0.0,0.01,0.01
2024-10-25,P11,Rui,0.0,0.0,0.0,0.0
2024-10-26,P11,Rui,0.0,0.0,0.0,0.0
2024-10-27,P11,Rui,0.0,0.0,0.0,0.0
2024-10-28,P11,Rui,0.0,0.0,0.0,0.0
2024-10-29,P11,Rui,0.13,0.0,0.13,0.13
2024-10-30,P11,Rui,0.06,0.1,0.06,-0.04000000000000001
2024-10-31,P11,Rui,0.19,2.7,0.19,-2.5100000000000002
2024-11-01,P11,Rui,0.51,0.5,0.51,0.010000000000000009
2024-11-02,P11,Rui,0.01,0.0,0.01,0.01
2024-11-03,P11,Rui,0.0,0.0,0.0,0.0
2024-11-04,P11,Rui,0.0,0.0,0.0,0.0
2024-11-05,P11,Rui,0.0,0.0,0.0,0.0
2024-11-06,P11,Rui,0.0,0.0,0.0,0.0
2024-11-07,P11,Rui,0.0,0.0,0.0,0.0
2024-11-08,P11,Rui,0.0,0.0,0.0,0.0
2024-11-09,P11,Rui,0.0,0.0,0.0,0.0
2024-11-10,P11,Rui,0.0,0.0,0.0,0.0
2024-11-11,P11,Rui,0.0,0.0,0.0,0.0
2024-11-12,P11,Rui,0.0,0.0,0.0,0.0
2024-11-13,P11,Rui,0.0,0.0,0.0,0.0
2024-11-14,P11,Rui,0.01,0.9,0.01,-0.89
2024-11-15,P11,Rui,4.15,0.0,4.15,4.15
2024-11-16,P11,Rui,1.38,0.0,1.38,1.38
2024-11-17,P11,Rui,0.0,0.0,0.0,0.0
2024-11-18,P11,Rui,0.0,0.0,0.0,0.0
2024-11-19,P11,Rui,0.0,0.0,0.0,0.0
2024-11-20,P11,Rui,0.0,0.0,0.0,0.0
2024-11-21,P11,Rui,0.0,0.0,0.0,0.0
2024-11-22,P11,Rui,0.0,0.0,0.0,0.0
2024-11-23,P11,Rui,0.0,0.0,0.0,0.0
2024-11-24,P11,Rui,0.0,0.0,0.0,0.0
2024-11-25,P11,Rui,0.0,0.0,0.0,0.0
2024-11-26,P11,Rui,0.0,0.0,0.0,0.0
2024-11-27,P11,Rui,0.0,0.0,0.0,0.0
2024-11-28,P11,Rui,0.0,0.0,0.0,0.0
2024-11-29,P11,Rui,0.0,0.0,0.0,0.0
2024-11-30,P11,Rui,0.0,0.0,0.0,0.0
2024-12-01,P11,Rui,0.0,0.0,0.0,0.0
2024-12-02,P11,Rui,0.0,0.9,0.0,-0.9
2024-12-03,P11,Rui,0.02,3.1,0.02,-3.08
2024-12-04,P11,Rui,0.0,0.7,0.0,-0.7
2024-12-05,P11,Rui,0.3,0.0,0.3,0.3
2024-12-06,P11,Rui,0.24,1.2,0.24,-0.96
2024-12-07,P11,Rui,0.03,0.3,0.03,-0.27
2024-12-08,P11,Rui,0.0,0.0,0.0,0.0
2024-12-09,P11,Rui,0.0,0.0,0.0,0.0
2024-12-10,P11,Rui,0.0,0.0,0.0,0.0
2024-12-11,P11,Rui,0.0,0.0,0.0,0.0
2024-12-12,P11,Rui,0.0,0.0,0.0,0.0
2024-12-13,P11,Rui,0.0,0.0,0.0,0.0
2024-12-14,P11,Rui,0.0,0.0,0.0,0.0
2024-12-15,P11,Rui,0.0,0.0,0.0,0.0
2024-12-16,P11,Rui,0.0,0.0,0.0,0.0
2024-12-17,P11,Rui,0.0,0.0,0.0,0.0
2024-12-18,P11,Rui,0.0,0.0,0.0,0.0
2024-12-19,P11,Rui,0.0,0.0,0.0,0.0
2024-12-20,P11,Rui,0.0,0.0,0.0,0.0
2024-12-21,P11,Rui,0.0,0.0,0.0,0.0
2024-12-22,P11,Rui,0.0,0.0,0.0,0.0
2024-12-23,P11,Rui,0.0,0.0,0.0,0.0
2024-12-24,P11,Rui,0.0,0.1,0.0,-0.1
2024-12-25,P11,Rui,0.0,0.0,0.0,0.0
2024-12-26,P11,Rui,0.0,0.7,0.0,-0.7
2024-12-27,P11,Rui,0.0,2.9,0.0,-2.9
2024-12-28,P11,Rui,0.49,0.6,0.49,-0.10999999999999999
2024-12-29,P11,Rui,0.25,0.2,0.25,0.04999999999999999
2024-12-30,P11,Rui,0.0,0.0,0.0,0.0
2024-12-31,P11,Rui,0.0,0.0,0.0,0.0
2024-09-01,P12,Shirsuphal,5.62,33.6,5.62,-27.98
2024-09-02,P12,Shirsuphal,7.57,37.6,7.57,-30.03
2024-09-03,P12,Shirsuphal,5.61,6.8,5.61,-1.1899999999999995
2024-09-04,P12,Shirsuphal,11.61,1.3,11.61,10.309999999999999
2024-09-05,P12,Shirsuphal,10.56,7.5,10.56,3.0600000000000005
2024-09-06,P12,Shirsuphal,4.49,0.7,4.49,3.79
2024-09-07,P12,Shirsuphal,3.12,1.3,3.12,1.82
2024-09-08,P12,Shirsuphal,2.27,3.3,2.27,-1.0299999999999998
2024-09-09,P12,Shirsuphal,2.77,7.4,2.77,-4.630000000000001
2024-09-10,P12,Shirsuphal,3.33,2.6,3.33,0.73
2024-09-11,P12,Shirsuphal,4.98,1.6,4.98,3.3800000000000003
2024-09-12,P12,Shirsuphal,2.23,0.5,2.23,1.73
2024-09-13,P12,Shirsuphal,0.64,0.5,0.64,0.14
2024-09-14,P12,Shirsuphal,2.23,0.6,2.23,1.63
2024-09-15,P12,Shirsuphal,2.66,6.6,2.66,-3.9399999999999995
2024-09-16,P12,Shirsuphal,0.47,0.2,0.47,0.26999999999999996
2024-09-17,P12,Shirsuphal,0.45,0.1,0.45,0.35
2024-09-18,P12,Shirsuphal,0.13,0.0,0.13,0.13
2024-09-19,P12,Shirsuphal,0.0,0.3,0.0,-0.3
2024-09-20,P12,Shirsuphal,1.3,9.6,1.3,-8.299999999999999
2024-09-21,P12,Shirsuphal,10.39,3.4,10.39,6.99
2024-09-22,P12,Shirsuphal,9.85,10.3,9.85,-0.45000000000000107
2024-09-23,P12,Shirsuphal,9.62,36.8,9.62,-27.18
2024-09-24,P12,Shirsuphal,19.37,22.7,19.37,-3.3299999999999983
2024-09-25,P12,Shirsuphal,85.5,29.5,85.5,56.0
2024-09-26,P12,Shirsuphal,18.65,17.4,18.65,1.25
2024-09-27,P12,Shirsuphal,5.71,1.7,5.71,4.01
2024-09-28,P12,Shirsuphal,2.31,0.7,2.31,1.61
2024-09-29,P12,Shirsuphal,0.26,0.4,0.26,-0.14
2024-09-30,P12,Shirsuphal,2.46,0.2,2.46,2.26
2024-10-01,P12,Shirsuphal,3.08,0.2,3.08,2.88
2024-10-02,P12,Shirsuphal,4.05,3.4,4.05,0.6499999999999999
2024-10-03,P12,Shirsuphal,1.72,0.0,1.72,1.72
2024-10-04,P12,Shirsuphal,0.11,0.3,0.11,-0.19
2024-10-05,P12,Shirsuphal,0.0,0.0,0.0,0.0
2024-10-06,P12,Shirsuphal,1.6,1.8,1.6,-0.19999999999999996
2024-10-07,P12,Shirsuphal,0.07,1.3,0.07,-1.23
2024-10-08,P12,Shirsuphal,1.04,0.4,1.04,0.64
2024-10-09,P12,Shirsuphal,1.67,1.6,1.67,0.06999999999999984
2024-10-10,P12,Shirsuphal,4.19,6.6,4.19,-2.4099999999999993
2024-10-11,P12,Shirsuphal,4.17,12.6,4.17,-8.43
2024-10-12,P12,Shirsuphal,0.83,5.9,0.83,-5.07
2024-10-13,P12,Shirsuphal,1.29,7.7,1.29,-6.41
2024-10-14,P12,Shirsuphal,5.87,4.3,5.87,1.5700000000000003
2024-10-15,P12,Shirsuphal,14.8,11.5,14.8,3.3000000000000007
2024-10-16,P12,Shirsuphal,10.61,11.2,10.61,-0.5899999999999999
2024-10-17,P12,Shirsuphal,3.56,32.1,3.56,-28.540000000000003
2024-10-18,P12,Shirsuphal,3.34,13.7,3.34,-10.36
2024-10-19,P12,Shirsuphal,1.68,18.9,1.68,-17.22
2024-10-20,P12,Shirsuphal,14.08,7.6,14.08,6.48
2024-10-21,P12,Shirsuphal,6.07,5.5,6.07,0.5700000000000003
2024-10-22,P12,Shirsuphal,3.61,2.3,3.61,1.31
2024-10-23,P12,Shirsuphal,0.83,0.0,0.83,0.83
2024-10-24,P12,Shirsuphal,0.01,0.0,0.01,0.01
2024-10-25,P12,Shirsuphal,0.0,0.0,0.0,0.0
2024-10-26,P12,Shirsuphal,0.0,0.0,0.0,0.0
2024-10-27,P12,Shirsuphal,0.0,0.0,0.0,0.0
2024-10-28,P12,Shirsuphal,0.0,0.0,0.0,0.0
2024-10-29,P12,Shirsuphal,0.13,0.0,0.13,0.13
2024-10-30,P12,Shirsuphal,0.06,0.1,0.06,-0.04000000000000001
2024-10-31,P12,Shirsuphal,0.19,2.1,0.19,-1.9100000000000001
2024-11-01,P12,Shirsuphal,0.51,0.0,0.51,0.51
2024-11-02,P12,Shirsuphal,0.01,0.0,0.01,0.01
2024-11-03,P12,Shirsuphal,0.0,0.0,0.0,0.0
2024-11-04,P12,Shirsuphal,0.0,0.0,0.0,0.0
2024-11-05,P12,Shirsuphal,0.0,0.0,0.0,0.0
2024-11-06,P12,Shirsuphal,0.0,0.0,0.0,0.0
2024-11-07,P12,Shirsuphal,0.0,0.0,0.0,0.0
2024-11-08,P12,Shirsuphal,0.0,0.0,0.0,0.0
2024-11-09,P12,Shirsuphal,0.0,0.0,0.0,0.0
2024-11-10,P12,Shirsuphal,0.0,0.0,0.0,0.0
2024-11-11,P12,Shirsuphal,0.0,0.0,0.0,0.0
2024-11-12,P12,Shirsuphal,0.0,0.0,0.0,0.0
2024-11-13,P12,Shirsuphal,0.0,0.0,0.0,0.0
2024-11-14,P12,Shirsuphal,0.01,0.5,0.01,-0.49
2024-11-15,P12,Shirsuphal,4.15,0.3,4.15,3.8500000000000005
2024-11-16,P12,Shirsuphal,1.38,0.0,1.38,1.38
2024-11-17,P12,Shirsuphal,0.0,0.0,0.0,0.0
2024-11-18,P12,Shirsuphal,0.0,0.0,0.0,0.0
2024-11-19,P12,Shirsuphal,0.0,0.0,0.0,0.0
2024-11-20,P12,Shirsuphal,0.0,0.0,0.0,0.0
2024-11-21,P12,Shirsuphal,0.0,0.0,0.0,0.0
2024-11-22,P12,Shirsuphal,0.0,0.0,0.0,0.0
2024-11-23,P12,Shirsuphal,0.0,0.0,0.0,0.0
2024-11-24,P12,Shirsuphal,0.0,0.0,0.0,0.0
2024-11-25,P12,Shirsuphal,0.0,0.0,0.0,0.0
2024-11-26,P12,Shirsuphal,0.0,0.0,0.0,0.0
2024-11-27,P12,Shirsuphal,0.0,0.0,0.0,0.0
2024-11-28,P12,Shirsuphal,0.0,0.0,0.0,0.0
2024-11-29,P12,Shirsuphal,0.0,0.0,0.0,0.0
2024-11-30,P12,Shirsuphal,0.0,0.0,0.0,0.0
2024-12-01,P12,Shirsuphal,0.0,0.0,0.0,0.0
2024-12-02,P12,Shirsuphal,0.0,0.3,0.0,-0.3
2024-12-03,P12,Shirsuphal,0.02,1.5,0.02,-1.48
2024-12-04,P12,Shirsuphal,0.0,0.9,0.0,-0.9
2024-12-05,P12,Shirsuphal,0.3,0.0,0.3,0.3
2024-12-06,P12,Shirsuphal,0.24,0.2,0.24,0.03999999999999998
2024-12-07,P12,Shirsuphal,0.03,0.0,0.03,0.03
2024-12-08,P12,Shirsuphal,0.0,0.0,0.0,0.0
2024-12-09,P12,Shirsuphal,0.0,0.0,0.0,0.0
2024-12-10,P12,Shirsuphal,0.0,0.0,0.0,0.0
2024-12-11,P12,Shirsuphal,0.0,0.0,0.0,0.0
2024-12-12,P12,Shirsuphal,0.0,0.0,0.0,0.0
2024-12-13,P12,Shirsuphal,0.0,0.0,0.0,0.0
2024-12-14,P12,Shirsuphal,0.0,0.0,0.0,0.0
2024-12-15,P12,Shirsuphal,0.0,0.0,0.0,0.0
2024-12-16,P12,Shirsuphal,0.0,0.0,0.0,0.0
2024-12-17,P12,Shirsuphal,0.0,0.0,0.0,0.0
2024-12-18,P12,Shirsuphal,0.0,0.0,0.0,0.0
2024-12-19,P12,Shirsuphal,0.0,0.0,0.0,0.0
2024-12-20,P12,Shirsuphal,0.0,0.0,0.0,0.0
2024-12-21,P12,Shirsuphal,0.0,0.0,0.0,0.0
2024-12-22,P12,Shirsuphal,0.0,0.0,0.0,0.0
2024-12-23,P12,Shirsuphal,0.0,0.1,0.0,-0.1
2024-12-24,P12,Shirsuphal,0.0,0.1,0.0,-0.1
2024-12-25,P12,Shirsuphal,0.0,0.0,0.0,0.0
2024-12-26,P12,Shirsuphal,0.0,0.4,0.0,-0.4
2024-12-27,P12,Shirsuphal,0.0,5.2,0.0,-5.2
2024-12-28,P12,Shirsuphal,0.49,0.1,0.49,0.39
2024-12-29,P12,Shirsuphal,0.25,0.0,0.25,0.25
2024-12-30,P12,Shirsuphal,0.0,0.0,0.0,0.0
2024-12-31,P12,Shirsuphal,0.0,0.0,0.0,0.0
2024-09-01,P13,Songaon,5.62,34.7,5.62,-29.080000000000002
2024-09-02,P13,Songaon,7.57,48.4,7.57,-40.83
2024-09-03,P13,Songaon,5.61,7.7,5.61,-2.09
2024-09-04,P13,Songaon,11.61,1.3,11.61,10.309999999999999
2024-09-05,P13,Songaon,10.56,6.6,10.56,3.960000000000001
2024-09-06,P13,Songaon,4.49,0.3,4.49,4.19
2024-09-07,P13,Songaon,3.12,0.8,3.12,2.3200000000000003
2024-09-08,P13,Songaon,2.27,1.0,2.27,1.27
2024-09-09,P13,Songaon,2.77,8.8,2.77,-6.030000000000001
2024-09-10,P13,Songaon,3.33,4.7,3.33,-1.37
2024-09-11,P13,Songaon,4.98,1.1,4.98,3.8800000000000003
2024-09-12,P13,Songaon,2.23,0.4,2.23,1.83
2024-09-13,P13,Songaon,0.64,0.4,0.64,0.24
2024-09-14,P13,Songaon,2.23,0.3,2.23,1.93
2024-09-15,P13,Songaon,2.66,5.4,2.66,-2.74
2024-09-16,P13,Songaon,0.47,0.3,0.47,0.16999999999999998
2024-09-17,P13,Songaon,0.45,0.2,0.45,0.25
2024-09-18,P13,Songaon,0.13,0.0,0.13,0.13
2024-09-19,P13,Songaon,0.0,0.1,0.0,-0.1
2024-09-20,P13,Songaon,1.3,1.3,1.3,0.0
2024-09-21,P13,Songaon,10.39,2.0,10.39,8.39
2024-09-22,P13,Songaon,9.85,7.3,9.85,2.55
2024-09-23,P13,Songaon,9.62,32.2,9.62,-22.580000000000005
2024-09-24,P13,Songaon,19.37,20.9,19.37,-1.5299999999999976
2024-09-25,P13,Songaon,85.5,21.3,85.5,64.2
2024-09-26,P13,Songaon,18.65,18.4,18.65,0.25
2024-09-27,P13,Songaon,5.71,0.2,5.71,5.51
2024-09-28,P13,Songaon,2.31,0.6,2.31,1.71
2024-09-29,P13,Songaon,0.26,0.0,0.26,0.26
2024-09-30,P13,Songaon,2.46,0.3,2.46,2.16
2024-10-01,P13,Songaon,3.08,0.9,3.08,2.18
2024-10-02,P13,Songaon,4.05,14.7,4.05,-10.649999999999999
2024-10-03,P13,Songaon,1.72,0.7,1.72,1.02
2024-10-04,P13,Songaon,0.11,0.4,0.11,-0.29000000000000004
2024-10-05,P13,Songaon,0.0,0.0,0.0,0.0
2024-10-06,P13,Songaon,1.6,0.5,1.6,1.1
2024-10-07,P13,Songaon,0.07,1.3,0.07,-1.23
2024-10-08,P13,Songaon,1.04,0.1,1.04,0.9400000000000001
2024-10-09,P13,Songaon,1.67,3.1,1.67,-1.4300000000000002
2024-10-10,P13,Songaon,4.19,13.8,4.19,-9.61
2024-10-11,P13,Songaon,4.17,7.5,4.17,-3.33
2024-10-12,P13,Songaon,0.83,4.9,0.83,-4.07
2024-10-13,P13,Songaon,1.29,2.1,1.29,-0.81
2024-10-14,P13,Songaon,5.87,1.7,5.87,4.17
2024-10-15,P13,Songaon,14.8,8.5,14.8,6.300000000000001
2024-10-16,P13,Songaon,10.61,10.6,10.61,0.009999999999999787
2024-10-17,P13,Songaon,3.56,23.5,3.56,-19.94
2024-10-18,P13,Songaon,3.34,5.2,3.34,-1.8600000000000003
2024-10-19,P13,Songaon,1.68,20.7,1.68,-19.02
2024-10-20,P13,Songaon,14.08,15.8,14.08,-1.7200000000000006
2024-10-21,P13,Songaon,6.07,5.9,6.07,0.16999999999999993
2024-10-22,P13,Songaon,3.61,2.9,3.61,0.71
2024-10-23,P13,Songaon,0.83,0.6,0.83,0.22999999999999998
2024-10-24,P13,Songaon,0.01,0.0,0.01,0.01
2024-10-25,P13,Songaon,0.0,0.0,0.0,0.0
2024-10-26,P13,Songaon,0.0,0.0,0.0,0.0
2024-10-27,P13,Songaon,0.0,0.0,0.0,0.0
2024-10-28,P13,Songaon,0.0,0.0,0.0,0.0
2024-10-29,P13,Songaon,0.13,0.0,0.13,0.13
2024-10-30,P13,Songaon,0.06,0.0,0.06,0.06
2024-10-31,P13,Songaon,0.19,2.2,0.19,-2.0100000000000002
2024-11-01,P13,Songaon,0.51,0.2,0.51,0.31
2024-11-02,P13,Songaon,0.01,0.0,0.01,0.01
2024-11-03,P13,Songaon,0.0,0.0,0.0,0.0
2024-11-04,P13,Songaon,0.0,0.0,0.0,0.0
2024-11-05,P13,Songaon,0.0,0.0,0.0,0.0
2024-11-06,P13,Songaon,0.0,0.0,0.0,0.0
2024-11-07,P13,Songaon,0.0,0.0,0.0,0.0
2024-11-08,P13,Songaon,0.0,0.0,0.0,0.0
2024-11-09,P13,Songaon,0.0,0.0,0.0,0.0
2024-11-10,P13,Songaon,0.0,0.0,0.0,0.0
2024-11-11,P13,Songaon,0.0,0.0,0.0,0.0
2024-11-12,P13,Songaon,0.0,0.0,0.0,0.0
2024-11-13,P13,Songaon,0.0,0.0,0.0,0.0
2024-11-14,P13,Songaon,0.01,0.4,0.01,-0.39
2024-11-15,P13,Songaon,4.15,0.9,4.15,3.2500000000000004
2024-11-16,P13,Songaon,1.38,0.0,1.38,1.38
2024-11-17,P13,Songaon,0.0,0.0,0.0,0.0
2024-11-18,P13,Songaon,0.0,0.0,0.0,0.0
2024-11-19,P13,Songaon,0.0,0.0,0.0,0.0
2024-11-20,P13,Songaon,0.0,0.0,0.0,0.0
2024-11-21,P13,Songaon,0.0,0.0,0.0,0.0
2024-11-22,P13,Songaon,0.0,0.0,0.0,0.0
2024-11-23,P13,Songaon,0.0,0.0,0.0,0.0
2024-11-24,P13,Songaon,0.0,0.0,0.0,0.0
2024-11-25,P13,Songaon,0.0,0.0,0.0,0.0
2024-11-26,P13,Songaon,0.0,0.0,0.0,0.0
2024-11-27,P13,Songaon,0.0,0.0,0.0,0.0
2024-11-28,P13,Songaon,0.0,0.0,0.0,0.0
2024-11-29,P13,Songaon,0.0,0.0,0.0,0.0
2024-11-30,P13,Songaon,0.0,0.0,0.0,0.0
2024-12-01,P13,Songaon,0.0,0.0,0.0,0.0
2024-12-02,P13,Songaon,0.0,0.8,0.0,-0.8
2024-12-03,P13,Songaon,0.02,3.1,0.02,-3.08
2024-12-04,P13,Songaon,0.0,0.8,0.0,-0.8
2024-12-05,P13,Songaon,0.3,0.0,0.3,0.3
2024-12-06,P13,Songaon,0.24,1.1,0.24,-0.8600000000000001
2024-12-07,P13,Songaon,0.03,0.2,0.03,-0.17
2024-12-08,P13,Songaon,0.0,0.0,0.0,0.0
2024-12-09,P13,Songaon,0.0,0.0,0.0,0.0
2024-12-10,P13,Songaon,0.0,0.0,0.0,0.0
2024-12-11,P13,Songaon,0.0,0.0,0.0,0.0
2024-12-12,P13,Songaon,0.0,0.0,0.0,0.0
2024-12-13,P13,Songaon,0.0,0.0,0.0,0.0
2024-12-14,P13,Songaon,0.0,0.0,0.0,0.0
2024-12-15,P13,Songaon,0.0,0.0,0.0,0.0
2024-12-16,P13,Songaon,0.0,0.0,0.0,0.0
2024-12-17,P13,Songaon,0.0,0.0,0.0,0.0
2024-12-18,P13,Songaon,0.0,0.0,0.0,0.0
2024-12-19,P13,Songaon,0.0,0.0,0.0,0.0
2024-12-20,P13,Songaon,0.0,0.0,0.0,0.0
2024-12-21,P13,Songaon,0.0,0.0,0.0,0.0
2024-12-22,P13,Songaon,0.0,0.0,0.0,0.0
2024-12-23,P13,Songaon,0.0,0.0,0.0,0.0
2024-12-24,P13,Songaon,0.0,0.1,0.0,-0.1
2024-12-25,P13,Songaon,0.0,0.0,0.0,0.0
2024-12-26,P13,Songaon,0.0,1.3,0.0,-1.3
2024-12-27,P13,Songaon,0.0,2.6,0.0,-2.6
2024-12-28,P13,Songaon,0.49,0.0,0.49,0.49
2024-12-29,P13,Songaon,0.25,0.0,0.25,0.25
2024-12-30,P13,Songaon,0.0,0.0,0.0,0.0
2024-12-31,P13,Songaon,0.0,0.0,0.0,0.0
2024-09-01,P14,Vadgaon Nimbalkar,5.62,20.5,5.62,-14.879999999999999
2024-09-02,P14,Vadgaon Nimbalkar,7.57,60.8,7.57,-53.23
2024-09-03,P14,Vadgaon Nimbalkar,5.61,12.5,5.61,-6.89
2024-09-04,P14,Vadgaon Nimbalkar,11.61,1.1,11.61,10.51
2024-09-05,P14,Vadgaon Nimbalkar,10.56,8.0,10.56,2.5600000000000005
2024-09-06,P14,Vadgaon Nimbalkar,4.49,0.3,4.49,4.19
2024-09-07,P14,Vadgaon Nimbalkar,3.12,0.9,3.12,2.22
2024-09-08,P14,Vadgaon Nimbalkar,2.27,2.3,2.27,-0.029999999999999805
2024-09-09,P14,Vadgaon Nimbalkar,2.77,7.8,2.77,-5.029999999999999
2024-09-10,P14,Vadgaon Nimbalkar,3.33,2.2,3.33,1.13
2024-09-11,P14,Vadgaon Nimbalkar,4.98,1.8,4.98,3.1800000000000006
2024-09-12,P14,Vadgaon Nimbalkar,2.23,0.2,2.23,2.03
2024-09-13,P14,Vadgaon Nimbalkar,0.64,0.4,0.64,0.24
2024-09-14,P14,Vadgaon Nimbalkar,2.23,0.3,2.23,1.93
2024-09-15,P14,Vadgaon Nimbalkar,2.66,4.8,2.66,-2.1399999999999997
2024-09-16,P14,Vadgaon Nimbalkar,0.47,0.4,0.47,0.06999999999999995
2024-09-17,P14,Vadgaon Nimbalkar,0.45,0.0,0.45,0.45
2024-09-18,P14,Vadgaon Nimbalkar,0.13,0.0,0.13,0.13
2024-09-19,P14,Vadgaon Nimbalkar,0.0,0.2,0.0,-0.2
2024-09-20,P14,Vadgaon Nimbalkar,1.3,21.1,1.3,-19.8
2024-09-21,P14,Vadgaon Nimbalkar,10.39,9.0,10.39,1.3900000000000006
2024-09-22,P14,Vadgaon Nimbalkar,9.85,3.6,9.85,6.25
2024-09-23,P14,Vadgaon Nimbalkar,9.62,24.9,9.62,-15.28
2024-09-24,P14,Vadgaon Nimbalkar,19.37,16.4,19.37,2.9700000000000024
2024-09-25,P14,Vadgaon Nimbalkar,85.5,16.9,85.5,68.6
2024-09-26,P14,Vadgaon Nimbalkar,18.65,27.4,18.65,-8.75
2024-09-27,P14,Vadgaon Nimbalkar,5.71,0.3,5.71,5.41
2024-09-28,P14,Vadgaon Nimbalkar,2.31,0.9,2.31,1.4100000000000001
2024-09-29,P14,Vadgaon Nimbalkar,0.26,0.0,0.26,0.26
2024-09-30,P14,Vadgaon Nimbalkar,2.46,0.0,2.46,2.46
2024-10-01,P14,Vadgaon Nimbalkar,3.08,0.0,3.08,3.08
2024-10-02,P14,Vadgaon Nimbalkar,4.05,14.1,4.05,-10.05
2024-10-03,P14,Vadgaon Nimbalkar,1.72,1.0,1.72,0.72
2024-10-04,P14,Vadgaon Nimbalkar,0.11,0.8,0.11,-0.6900000000000001
2024-10-05,P14,Vadgaon Nimbalkar,0.0,0.0,0.0,0.0
2024-10-06,P14,Vadgaon Nimbalkar,1.6,1.0,1.6,0.6000000000000001
2024-10-07,P14,Vadgaon Nimbalkar,0.07,0.0,0.07,0.07
2024-10-08,P14,Vadgaon Nimbalkar,1.04,0.6,1.04,0.44000000000000006
2024-10-09,P14,Vadgaon Nimbalkar,1.67,2.3,1.67,-0.6299999999999999
2024-10-10,P14,Vadgaon Nimbalkar,4.19,14.4,4.19,-10.21
2024-10-11,P14,Vadgaon Nimbalkar,4.17,10.7,4.17,-6.529999999999999
2024-10-12,P14,Vadgaon Nimbalkar,0.83,4.5,0.83,-3.67
2024-10-13,P14,Vadgaon Nimbalkar,1.29,2.6,1.29,-1.31
2024-10-14,P14,Vadgaon Nimbalkar,5.87,1.4,5.87,4.470000000000001
2024-10-15,P14,Vadgaon Nimbalkar,14.8,15.2,14.8,-0.3999999999999986
2024-10-16,P14,Vadgaon Nimbalkar,10.61,13.3,10.61,-2.6900000000000013
2024-10-17,P14,Vadgaon Nimbalkar,3.56,16.4,3.56,-12.839999999999998
2024-10-18,P14,Vadgaon Nimbalkar,3.34,10.5,3.34,-7.16
2024-10-19,P14,Vadgaon Nimbalkar,1.68,9.3,1.68,-7.620000000000001
2024-10-20,P14,Vadgaon Nimbalkar,14.08,4.5,14.08,9.58
2024-10-21,P14,Vadgaon Nimbalkar,6.07,6.1,6.07,-0.02999999999999936
2024-10-22,P14,Vadgaon Nimbalkar,3.61,2.9,3.61,0.71
2024-10-23,P14,Vadgaon Nimbalkar,0.83,0.5,0.83,0.32999999999999996
2024-10-24,P14,Vadgaon Nimbalkar,0.01,0.0,0.01,0.01
2024-10-25,P14,Vadgaon Nimbalkar,0.0,0.0,0.0,0.0
2024-10-26,P14,Vadgaon Nimbalkar,0.0,0.0,0.0,0.0
2024-10-27,P14,Vadgaon Nimbalkar,0.0,0.0,0.0,0.0
2024-10-28,P14,Vadgaon Nimbalkar,0.0,0.0,0.0,0.0
2024-10-29,P14,Vadgaon Nimbalkar,0.13,0.0,0.13,0.13
2024-10-30,P14,Vadgaon Nimbalkar,0.06,0.1,0.06,-0.04000000000000001
2024-10-31,P14,Vadgaon Nimbalkar,0.19,0.3,0.19,-0.10999999999999999
2024-11-01,P14,Vadgaon Nimbalkar,0.51,1.2,0.51,-0.69
2024-11-02,P14,Vadgaon Nimbalkar,0.01,0.0,0.01,0.01
2024-11-03,P14,Vadgaon Nimbalkar,0.0,0.0,0.0,0.0
2024-11-04,P14,Vadgaon Nimbalkar,0.0,0.0,0.0,0.0
2024-11-05,P14,Vadgaon Nimbalkar,0.0,0.0,0.0,0.0
2024-11-06,P14,Vadgaon Nimbalkar,0.0,0.0,0.0,0.0
2024-11-07,P14,Vadgaon Nimbalkar,0.0,0.0,0.0,0.0
2024-11-08,P14,Vadgaon Nimbalkar,0.0,0.0,0.0,0.0
2024-11-09,P14,Vadgaon Nimbalkar,0.0,0.0,0.0,0.0
2024-11-10,P14,Vadgaon Nimbalkar,0.0,0.0,0.0,0.0
2024-11-11,P14,Vadgaon Nimbalkar,0.0,0.0,0.0,0.0
2024-11-12,P14,Vadgaon Nimbalkar,0.0,0.0,0.0,0.0
2024-11-13,P14,Vadgaon Nimbalkar,0.0,0.0,0.0,0.0
2024-11-14,P14,Vadgaon Nimbalkar,0.01,0.3,0.01,-0.29
2024-11-15,P14,Vadgaon Nimbalkar,4.15,1.0,4.15,3.1500000000000004
2024-11-16,P14,Vadgaon Nimbalkar,1.38,0.0,1.38,1.38
2024-11-17,P14,Vadgaon Nimbalkar,0.0,0.0,0.0,0.0
2024-11-18,P14,Vadgaon Nimbalkar,0.0,0.0,0.0,0.0
2024-11-19,P14,Vadgaon Nimbalkar,0.0,0.0,0.0,0.0
2024-11-20,P14,Vadgaon Nimbalkar,0.0,0.0,0.0,0.0
2024-11-21,P14,Vadgaon Nimbalkar,0.0,0.0,0.0,0.0
2024-11-22,P14,Vadgaon Nimbalkar,0.0,0.0,0.0,0.0
2024-11-23,P14,Vadgaon Nimbalkar,0.0,0.0,0.0,0.0
2024-11-24,P14,Vadgaon Nimbalkar,0.0,0.0,0.0,0.0
2024-11-25,P14,Vadgaon Nimbalkar,0.0,0.0,0.0,0.0
2024-11-26,P14,Vadgaon Nimbalkar,0.0,0.0,0.0,0.0
2024-11-27,P14,Vadgaon Nimbalkar,0.0,0.0,0.0,0.0
2024-11-28,P14,Vadgaon Nimbalkar,0.0,0.0,0.0,0.0
2024-11-29,P14,Vadgaon Nimbalkar,0.0,0.0,0.0,0.0
2024-11-30,P14,Vadgaon Nimbalkar,0.0,0.0,0.0,0.0
2024-12-01,P14,Vadgaon Nimbalkar,0.0,0.0,0.0,0.0
2024-12-02,P14,Vadgaon Nimbalkar,0.0,2.2,0.0,-2.2
2024-12-03,P14,Vadgaon Nimbalkar,0.02,2.0,0.02,-1.98
2024-12-04,P14,Vadgaon Nimbalkar,0.0,0.4,0.0,-0.4
2024-12-05,P14,Vadgaon Nimbalkar,0.3,0.0,0.3,0.3
2024-12-06,P14,Vadgaon Nimbalkar,0.24,0.0,0.24,0.24
2024-12-07,P14,Vadgaon Nimbalkar,0.03,0.0,0.03,0.03
2024-12-08,P14,Vadgaon Nimbalkar,0.0,0.0,0.0,0.0
2024-12-09,P14,Vadgaon Nimbalkar,0.0,0.0,0.0,0.0
2024-12-10,P14,Vadgaon Nimbalkar,0.0,0.0,0.0,0.0
2024-12-11,P14,Vadgaon Nimbalkar,0.0,0.0,0.0,0.0
2024-12-12,P14,Vadgaon Nimbalkar,0.0,0.0,0.0,0.0
2024-12-13,P14,Vadgaon Nimbalkar,0.0,0.0,0.0,0.0
2024-12-14,P14,Vadgaon Nimbalkar,0.0,0.0,0.0,0.0
2024-12-15,P14,Vadgaon Nimbalkar,0.0,0.0,0.0,0.0
2024-12-16,P14,Vadgaon Nimbalkar,0.0,0.0,0.0,0.0
2024-12-17,P14,Vadgaon Nimbalkar,0.0,0.0,0.0,0.0
2024-12-18,P14,Vadgaon Nimbalkar,0.0,0.0,0.0,0.0
2024-12-19,P14,Vadgaon Nimbalkar,0.0,0.0,0.0,0.0
2024-12-20,P14,Vadgaon Nimbalkar,0.0,0.0,0.0,0.0
2024-12-21,P14,Vadgaon Nimbalkar,0.0,0.0,0.0,0.0
2024-12-22,P14,Vadgaon Nimbalkar,0.0,0.0,0.0,0.0
2024-12-23,P14,Vadgaon Nimbalkar,0.0,0.0,0.0,0.0
2024-12-24,P14,Vadgaon Nimbalkar,0.0,0.0,0.0,0.0
2024-12-25,P14,Vadgaon Nimbalkar,0.0,0.0,0.0,0.0
2024-12-26,P14,Vadgaon Nimbalkar,0.0,0.4,0.0,-0.4
2024-12-27,P14,Vadgaon Nimbalkar,0.0,2.5,0.0,-2.5
2024-12-28,P14,Vadgaon Nimbalkar,0.49,0.4,0.49,0.08999999999999997
2024-12-29,P14,Vadgaon Nimbalkar,0.25,0.1,0.25,0.15
2024-12-30,P14,Vadgaon Nimbalkar,0.0,0.0,0.0,0.0
2024-12-31,P14,Vadgaon Nimbalkar,0.0,0.0,0.0,0.0
